ピカチュウ,ボルテッカー,55.9
ピカチュウ,ねこだまし,33.0
ピカチュウ,１０まんボルト,28.6
ピカチュウ,くさむすび,28.0
ピカチュウ,なみのり,26.5
ピカチュウ,くさわけ,24.8
ピカチュウ,ほっぺすりすり,23.9
ピカチュウ,でんこうせっか,22.5
ピカチュウ,テラバースト,22.0
ピカチュウ,ボルトチェンジ,19.5
ライチュウ,ほっぺすりすり,74.6
ライチュウ,ひかりのかべ,55.3
ライチュウ,アンコール,52.3
ライチュウ,リフレクター,50.3
ライチュウ,１０まんボルト,34.6
ライチュウ,なみのり,18.6
ライチュウ,テラバースト,14.8
ライチュウ,ボルトチェンジ,14.4
ライチュウ,わるだくみ,10.3
ライチュウ,きあいだま,7.4
プリン,ほろびのうた,62.6
プリン,チャームボイス,56.6
プリン,アンコール,53.8
プリン,まもる,51.6
プリン,うたう,26.9
プリン,ステルスロック,23.6
プリン,じゅうりょく,22.5
プリン,バトンタッチ,14.3
プリン,みずのはどう,12.1
プリン,かなしばり,9.9
プクリン,マジカルシャイン,54.8
プクリン,ステルスロック,41.6
プクリン,アンコール,33.9
プクリン,ほろびのうた,27.9
プクリン,でんじは,24.5
プクリン,だいもんじ,19.0
プクリン,うたう,18.9
プクリン,じゅうりょく,17.9
プクリン,バトンタッチ,17.5
プクリン,ねがいごと,13.7
コンパン,ねむりごな,100.0
コンパン,バトンタッチ,57.4
コンパン,こうそくいどう,53.2
コンパン,きゅうけつ,42.6
コンパン,にほんばれ,42.6
コンパン,とびつく,42.6
コンパン,みがわり,25.5
コンパン,しびれごな,12.8
コンパン,どくびし,10.6
コンパン,ナイトヘッド,8.5
モルフォン,ちょうのまい,95.6
モルフォン,むしのさざめき,75.2
モルフォン,ねむりごな,54.2
モルフォン,ヘドロばくだん,40.4
モルフォン,バトンタッチ,36.9
モルフォン,みがわり,16.7
モルフォン,ギガドレイン,13.8
モルフォン,サイコキネシス,13.3
モルフォン,あさのひざし,11.2
モルフォン,エアスラッシュ,10.0
ディグダ,じわれ,52.9
ディグダ,じしん,52.9
ディグダ,すなあらし,52.9
ディグダ,ふいうち,52.9
ディグダ,どろかけ,47.1
ディグダ,まもる,47.1
ディグダ,ヘドロばくだん,47.1
ディグダ,みがわり,47.1
ダグトリオ,じしん,82.0
ダグトリオ,ステルスロック,61.1
ダグトリオ,おきみやげ,47.6
ダグトリオ,ふいうち,44.4
ダグトリオ,がんせきふうじ,33.6
ダグトリオ,きしかいせい,29.5
ダグトリオ,じわれ,19.2
ダグトリオ,つるぎのまい,15.3
ダグトリオ,みがわり,9.1
ダグトリオ,テラバースト,8.9
ニャース,ねこだまし,100.0
ニャース,イカサマ,81.5
ニャース,ちょうはつ,66.2
ニャース,ほしがる,66.2
ニャース,でんじは,16.9
ニャース,じたばた,16.9
ニャース,とんぼがえり,16.9
ニャース,じゃれつく,15.4
ニャース,くさわけ,15.4
ニャース,なきごえ,1.5
ペルシアン,ねこだまし,72.0
ペルシアン,ちょうはつ,50.7
ペルシアン,フェイント,26.3
ペルシアン,とんぼがえり,24.1
ペルシアン,かみつく,23.1
ペルシアン,こごえるかぜ,19.9
ペルシアン,すりかえ,19.4
ペルシアン,みだれひっかき,18.2
ペルシアン,とっておき,17.0
ペルシアン,でんじは,15.8
コダック,ねんりき,61.1
コダック,みずでっぽう,59.7
コダック,しっぽをふる,48.3
コダック,ひっかく,48.3
コダック,れいとうビーム,21.3
コダック,あくび,15.6
コダック,しねんのずつき,12.8
コダック,あまごい,12.3
コダック,みだれひっかき,11.4
コダック,ハイドロポンプ,9.5
ゴルダック,れいとうビーム,58.1
ゴルダック,ハイドロポンプ,54.0
ゴルダック,なみのり,40.4
ゴルダック,アンコール,33.8
ゴルダック,アクアジェット,18.0
ゴルダック,テラバースト,16.6
ゴルダック,わるだくみ,16.3
ゴルダック,くさむすび,14.7
ゴルダック,さいみんじゅつ,13.8
ゴルダック,きあいだま,13.7
オコリザル,ふんどのこぶし,87.6
オコリザル,ドレインパンチ,79.9
オコリザル,ビルドアップ,71.1
オコリザル,ちょうはつ,51.3
オコリザル,アンコール,34.9
オコリザル,ステルスロック,16.4
オコリザル,インファイト,8.7
オコリザル,いのちがけ,8.1
オコリザル,どくづき,7.8
オコリザル,がんせきふうじ,7.0
ガーディ,フレアドライブ,56.5
ガーディ,かみなりのキバ,56.5
ガーディ,インファイト,56.5
ガーディ,じゃれつく,56.5
ガーディ,バークアウト,43.5
ガーディ,おにび,43.5
ガーディ,ほのおのうず,43.5
ガーディ,あさのひざし,43.5
ウインディ,しんそく,75.2
ウインディ,フレアドライブ,72.2
ウインディ,じゃれつく,54.6
ウインディ,あさのひざし,34.0
ウインディ,おにび,32.9
ウインディ,インファイト,20.3
ウインディ,かみくだく,19.0
ウインディ,バークアウト,14.7
ウインディ,かえんほうしゃ,12.5
ウインディ,テラバースト,11.7
ヤドン,トリックルーム,66.7
ヤドン,イカサマ,66.7
ヤドン,なまける,59.3
ヤドン,あくび,51.9
ヤドン,アクアブレイク,14.8
ヤドン,でんじは,14.8
ヤドン,ひかりのかべ,14.8
ヤドン,はらだいこ,14.8
ヤドン,しねんのずつき,14.8
ヤドン,じしん,14.8
ヤドラン,なまける,53.8
ヤドラン,なみのり,42.5
ヤドラン,てっぺき,36.4
ヤドラン,れいとうビーム,32.7
ヤドラン,サイコキネシス,32.2
ヤドラン,ボディプレス,28.6
ヤドラン,アシストパワー,28.4
ヤドラン,かえんほうしゃ,18.5
ヤドラン,あくび,16.2
ヤドラン,トリックルーム,11.7
コイル,ラスターカノン,56.0
コイル,ほうでん,36.9
コイル,てっていこうせん,34.5
コイル,でんじは,33.3
コイル,かみなり,29.8
コイル,テラバースト,27.4
コイル,リフレクター,25.0
コイル,ひかりのかべ,25.0
コイル,ボルトチェンジ,21.4
コイル,エレキボール,19.0
レアコイル,ラスターカノン,87.9
レアコイル,ボルトチェンジ,58.7
レアコイル,１０まんボルト,52.5
レアコイル,テラバースト,40.1
レアコイル,でんじは,34.4
レアコイル,てっていこうせん,27.6
レアコイル,ほうでん,21.7
レアコイル,エレキフィールド,17.1
レアコイル,ひかりのかべ,12.0
レアコイル,リフレクター,11.1
ベトベター,ちいさくなる,100.0
ベトベター,どくどく,84.2
ベトベター,みがわり,81.6
ベトベター,ほのおのパンチ,76.3
ベトベター,おきみやげ,15.8
ベトベター,どくづき,15.8
ベトベター,れいとうパンチ,15.8
ベトベター,ドレインパンチ,5.3
ベトベター,あやしいひかり,2.6
ベトベター,どろかけ,2.6
ベトベトン,ドレインパンチ,57.0
ベトベトン,ちいさくなる,52.4
ベトベトン,かげうち,39.0
ベトベトン,どくどく,37.3
ベトベトン,ほのおのパンチ,32.5
ベトベトン,ダストシュート,27.7
ベトベトン,みがわり,24.8
ベトベトン,のろい,20.7
ベトベトン,どくづき,18.3
ベトベトン,れいとうパンチ,13.6
シェルダー,まきびし,100.0
シェルダー,からをやぶる,100.0
シェルダー,ロックブラスト,100.0
シェルダー,まもる,100.0
パルシェン,つららばり,98.7
パルシェン,からをやぶる,94.0
パルシェン,ロックブラスト,74.5
パルシェン,こおりのつぶて,59.9
パルシェン,ドリルライナー,25.4
パルシェン,テラバースト,19.2
パルシェン,アクアブレイク,7.2
パルシェン,ハイドロポンプ,4.3
パルシェン,シェルブレード,3.6
パルシェン,なみのり,3.1
ゴース,のろい,96.7
ゴース,みちづれ,90.0
ゴース,シャドーボール,76.7
ゴース,ヘドロばくだん,76.7
ゴース,たたりめ,10.0
ゴース,さいみんじゅつ,10.0
ゴース,トリックルーム,10.0
ゴース,ふいうち,10.0
ゴース,ほろびのうた,10.0
ゴース,アシッドボム,3.3
ゴースト,みちづれ,64.7
ゴースト,シャドーボール,42.4
ゴースト,おにび,34.3
ゴースト,たたりめ,28.7
ゴースト,トリック,27.5
ゴースト,１０まんボルト,23.4
ゴースト,ちょうはつ,18.8
ゴースト,さいみんじゅつ,18.6
ゴースト,トリックルーム,17.4
ゴースト,アンコール,16.9
ゲンガー,シャドーボール,75.5
ゲンガー,みちづれ,71.2
ゲンガー,ヘドロばくだん,63.6
ゲンガー,アンコール,45.3
ゲンガー,こごえるかぜ,23.5
ゲンガー,たたりめ,19.1
ゲンガー,さいみんじゅつ,18.7
ゲンガー,きあいだま,16.6
ゲンガー,マジカルシャイン,13.1
ゲンガー,でんじは,9.8
スリープ,パワーシェア,100.0
スリープ,かなしばり,100.0
スリープ,サイコキネシス,100.0
スリープ,でんじは,100.0
スリーパー,さいみんじゅつ,58.3
スリーパー,めいそう,39.7
スリーパー,すりかえ,39.1
スリーパー,バトンタッチ,34.6
スリーパー,イカサマ,33.7
スリーパー,サイコキネシス,32.7
スリーパー,ドレインキッス,22.1
スリーパー,れいとうパンチ,13.0
スリーパー,しねんのずつき,12.7
スリーパー,ちょうはつ,11.7
マルマイン,ボルトチェンジ,57.7
マルマイン,ちょうはつ,55.1
マルマイン,テラバースト,46.2
マルマイン,イカサマ,39.1
マルマイン,１０まんボルト,33.5
マルマイン,でんじは,32.5
マルマイン,ミラーコート,27.2
マルマイン,ひかりのかべ,20.0
マルマイン,エレキフィールド,15.5
マルマイン,だいばくはつ,13.6
ラッキー,タマゴうみ,98.2
ラッキー,ちきゅうなげ,74.1
ラッキー,ステルスロック,70.2
ラッキー,でんじは,33.6
ラッキー,めいそう,31.0
ラッキー,あまえる,20.9
ラッキー,シャドーボール,17.4
ラッキー,うたう,16.4
ラッキー,かえんほうしゃ,5.9
ラッキー,にほんばれ,4.1
ストライク,つばめがえし,75.7
ストライク,つるぎのまい,73.2
ストライク,でんこうせっか,28.0
ストライク,くさわけ,27.0
ストライク,インファイト,25.8
ストライク,とんぼがえり,21.6
ストライク,テラバースト,20.8
ストライク,とびつく,18.1
ストライク,どろぼう,16.9
ストライク,バトンタッチ,16.1
ケンタロス(パルデア単),レイジングブル,74.4
ケンタロス(パルデア単),ビルドアップ,69.8
ケンタロス(パルデア単),アイアンヘッド,62.8
ケンタロス(パルデア単),くさわけ,46.8
ケンタロス(パルデア単),じしん,31.7
ケンタロス(パルデア単),インファイト,15.6
ケンタロス(パルデア単),テラバースト,14.9
ケンタロス(パルデア単),ボディプレス,12.7
ケンタロス(パルデア単),ワイルドボルト,10.6
ケンタロス(パルデア単),スマートホーン,8.0
ケンタロス(パルデア炎),インファイト,92.1
ケンタロス(パルデア炎),レイジングブル,90.3
ケンタロス(パルデア炎),じしん,55.2
ケンタロス(パルデア炎),おにび,51.6
ケンタロス(パルデア炎),テラバースト,20.4
ケンタロス(パルデア炎),フレアドライブ,14.3
ケンタロス(パルデア炎),ニトロチャージ,13.4
ケンタロス(パルデア炎),ストーンエッジ,9.3
ケンタロス(パルデア炎),がんせきふうじ,9.0
ケンタロス(パルデア炎),ビルドアップ,8.4
ケンタロス(パルデア水),アクアジェット,78.9
ケンタロス(パルデア水),レイジングブル,78.6
ケンタロス(パルデア水),インファイト,67.3
ケンタロス(パルデア水),ビルドアップ,38.1
ケンタロス(パルデア水),ボディプレス,29.3
ケンタロス(パルデア水),テラバースト,24.1
ケンタロス(パルデア水),ウェーブタックル,22.7
ケンタロス(パルデア水),じしん,17.4
ケンタロス(パルデア水),ワイルドボルト,9.4
ケンタロス(パルデア水),アイアンヘッド,7.2
コイキング,はねる,98.5
コイキング,じたばた,16.1
コイキング,たいあたり,15.3
ギャラドス,たきのぼり,76.5
ギャラドス,りゅうのまい,61.7
ギャラドス,じしん,58.2
ギャラドス,ちょうはつ,53.1
ギャラドス,こおりのキバ,36.9
ギャラドス,テラバースト,26.5
ギャラドス,でんじは,21.0
ギャラドス,アクアテール,14.8
ギャラドス,ゆきなだれ,10.0
ギャラドス,アイアンヘッド,8.1
メタモン,へんしん,100.0
イーブイ,みがわり,53.8
イーブイ,でんこうせっか,43.1
イーブイ,じたばた,37.6
イーブイ,こらえる,33.0
イーブイ,あくび,32.5
イーブイ,まねっこ,23.9
イーブイ,バトンタッチ,22.8
イーブイ,てだすけ,11.7
イーブイ,とっておき,11.7
イーブイ,スピードスター,9.6
シャワーズ,れいとうビーム,68.5
シャワーズ,なみのり,66.9
シャワーズ,テラバースト,43.2
シャワーズ,とける,34.0
シャワーズ,あくび,32.4
シャワーズ,めいそう,28.2
シャワーズ,シャドーボール,21.7
シャワーズ,ハイドロポンプ,21.1
シャワーズ,バトンタッチ,15.6
シャワーズ,まもる,12.4
サンダース,テラバースト,77.4
サンダース,１０まんボルト,69.7
サンダース,ボルトチェンジ,68.1
サンダース,シャドーボール,55.0
サンダース,でんじは,23.8
サンダース,まもる,17.3
サンダース,めいそう,13.8
サンダース,みがわり,9.4
サンダース,かみなり,8.8
サンダース,どろかけ,8.1
ブースター,フレアドライブ,93.5
ブースター,でんこうせっか,53.1
ブースター,からげんき,38.5
ブースター,くさわけ,37.2
ブースター,テラバースト,35.8
ブースター,おにび,31.3
ブースター,まもる,20.9
ブースター,ねがいごと,17.2
ブースター,まねっこ,13.2
ブースター,かみつく,7.2
ミニリュウ,あまごい,100.0
ミニリュウ,りゅうのまい,100.0
ミニリュウ,しんぴのまもり,100.0
ミニリュウ,ドラゴンダイブ,100.0
ハクリュー,ねむる,97.7
ハクリュー,ほのおのうず,79.3
ハクリュー,ひやみず,46.7
ハクリュー,でんじは,44.8
ハクリュー,ドラゴンテール,40.6
ハクリュー,まもる,17.2
ハクリュー,ねごと,16.9
ハクリュー,ひかりのかべ,13.8
ハクリュー,テラバースト,7.7
ハクリュー,りゅうのまい,7.3
カイリュー,しんそく,81.4
カイリュー,じしん,70.8
カイリュー,りゅうのまい,49.7
カイリュー,はねやすめ,43.9
カイリュー,げきりん,43.3
カイリュー,ほのおのパンチ,24.9
カイリュー,テラバースト,17.6
カイリュー,アンコール,17.0
カイリュー,アイアンヘッド,8.3
カイリュー,けたぐり,7.4
ピチュー,アンコール,89.6
ピチュー,ひかりのかべ,89.6
ピチュー,ほっぺすりすり,89.6
ピチュー,あまえる,89.6
ピチュー,でんきショック,6.1
ピチュー,しっぽをふる,6.1
ピチュー,まもる,4.2
ピチュー,なかよくする,3.8
ピチュー,てんしのキッス,2.8
ププリン,てんしのキッス,100.0
ププリン,まねっこ,100.0
ププリン,まるくなる,100.0
ププリン,うたう,100.0
メリープ,ほうでん,100.0
メリープ,パワージェム,100.0
メリープ,マジカルシャイン,100.0
メリープ,コットンガード,100.0
デンリュウ,マジカルシャイン,73.1
デンリュウ,１０まんボルト,55.5
デンリュウ,コットンガード,54.6
デンリュウ,ねむる,34.6
デンリュウ,パワージェム,23.5
デンリュウ,テラバースト,22.8
デンリュウ,ほうでん,22.0
デンリュウ,ボルトチェンジ,20.7
デンリュウ,きあいだま,20.0
デンリュウ,でんじは,9.4
マリル,まもる,68.0
マリル,ほろびのうた,68.0
マリル,アンコール,36.0
マリル,ひかりのかべ,32.0
マリル,ひやみず,32.0
マリル,あなをほる,28.0
マリル,ばかぢから,24.0
マリル,じゃれつく,24.0
マリル,アクアジェット,20.0
マリル,あまごい,20.0
マリルリ,じゃれつく,97.4
マリルリ,アクアジェット,96.0
マリルリ,アクアブレイク,85.7
マリルリ,ばかぢから,52.3
マリルリ,はらだいこ,20.7
マリルリ,テラバースト,17.7
マリルリ,アイススピナー,8.5
マリルリ,かわらわり,6.1
マリルリ,アクアテール,3.1
マリルリ,アンコール,1.8
ウソッキー,ふいうち,89.9
ウソッキー,もろはのずつき,55.4
ウソッキー,ウッドハンマー,46.7
ウソッキー,カウンター,43.2
ウソッキー,アームハンマー,21.9
ウソッキー,ストーンエッジ,20.1
ウソッキー,ステルスロック,19.9
ウソッキー,じしん,16.7
ウソッキー,れいとうパンチ,11.1
ウソッキー,がんせきふうじ,9.1
ハネッコ,ちからをすいとる,59.5
ハネッコ,おきみやげ,51.4
ハネッコ,コットンガード,43.2
ハネッコ,いかりのこな,40.5
ハネッコ,アンコール,40.5
ハネッコ,にほんばれ,24.3
ハネッコ,ねむりごな,21.6
ハネッコ,リフレクター,21.6
ハネッコ,ギガドレイン,16.2
ハネッコ,とんぼがえり,16.2
ポポッコ,ちからをすいとる,91.3
ポポッコ,コットンガード,90.6
ポポッコ,やどりぎのタネ,86.8
ポポッコ,バトンタッチ,76.6
ポポッコ,ギガドレイン,10.7
ポポッコ,つるぎのまい,9.9
ポポッコ,アンコール,7.2
ポポッコ,とんぼがえり,4.2
ポポッコ,ねむりごな,3.8
ポポッコ,しびれごな,3.6
ワタッコ,ちからをすいとる,70.3
ワタッコ,やどりぎのタネ,63.7
ワタッコ,コットンガード,50.6
ワタッコ,バトンタッチ,41.9
ワタッコ,アンコール,28.8
ワタッコ,みがわり,23.3
ワタッコ,ねむりごな,18.2
ワタッコ,おきみやげ,13.9
ワタッコ,にほんばれ,8.7
ワタッコ,おいかぜ,8.5
ヒマナッツ,がむしゃら,100.0
ヒマナッツ,ギガドレイン,58.3
ヒマナッツ,メガドレイン,52.1
ヒマナッツ,だいちのちから,52.1
ヒマナッツ,アンコール,39.6
ヒマナッツ,やどりぎのタネ,37.5
ヒマナッツ,ひかりのかべ,22.9
ヒマナッツ,にほんばれ,18.8
ヒマナッツ,ソーラービーム,10.4
ヒマナッツ,こうごうせい,6.3
キマワリ,ソーラービーム,96.7
キマワリ,マジカルシャイン,94.7
キマワリ,テラバースト,86.0
キマワリ,だいちのちから,84.5
キマワリ,ヘドロばくだん,10.5
キマワリ,やどりぎのタネ,6.0
キマワリ,ギガドレイン,3.5
キマワリ,にほんばれ,3.4
キマワリ,リーフストーム,3.2
キマワリ,アンコール,2.9
ウパー(パルデア),マッドショット,35.0
ウパー(パルデア),あくび,35.0
ウパー(パルデア),しっぽをふる,35.0
ウパー(パルデア),じこさいせい,32.5
ウパー(パルデア),じしん,27.5
ウパー(パルデア),ポイズンテール,27.5
ウパー(パルデア),たたきつける,25.0
ウパー(パルデア),どくびし,25.0
ウパー(パルデア),ステルスロック,20.0
ウパー(パルデア),たいあたり,20.0
エーフィ,サイコキネシス,74.8
エーフィ,マジカルシャイン,52.1
エーフィ,シャドーボール,47.4
エーフィ,テラバースト,39.3
エーフィ,くさむすび,35.4
エーフィ,トリック,29.2
エーフィ,パワージェム,24.5
エーフィ,サイコショック,19.8
エーフィ,リフレクター,11.8
エーフィ,めいそう,10.9
ブラッキー,イカサマ,96.1
ブラッキー,ねがいごと,77.5
ブラッキー,まもる,76.6
ブラッキー,あくび,74.4
ブラッキー,つきのひかり,20.2
ブラッキー,でんじは,20.1
ブラッキー,ちょうはつ,9.3
ブラッキー,のろい,4.9
ブラッキー,バークアウト,4.6
ブラッキー,めいそう,2.7
ヤミカラス,イカサマ,75.4
ヤミカラス,ちょうはつ,72.6
ヤミカラス,おいかぜ,66.5
ヤミカラス,くろいきり,59.6
ヤミカラス,でんじは,45.2
ヤミカラス,にほんばれ,14.9
ヤミカラス,ナイトヘッド,8.4
ヤミカラス,とんぼがえり,7.1
ヤミカラス,ふいうち,6.5
ヤミカラス,こごえるかぜ,6.5
ヤドキング,さむいギャグ,69.4
ヤドキング,なみのり,42.6
ヤドキング,あくび,36.8
ヤドキング,サイコキネシス,36.5
ヤドキング,トリックルーム,24.1
ヤドキング,かえんほうしゃ,18.2
ヤドキング,サイコショック,15.9
ヤドキング,トリック,15.8
ヤドキング,みらいよち,13.5
ヤドキング,なまける,13.2
ムウマ,いたみわけ,65.9
ムウマ,ほろびのうた,52.1
ムウマ,おにび,41.2
ムウマ,くろいまなざし,33.5
ムウマ,でんじは,29.2
ムウマ,ちょうはつ,24.0
ムウマ,みちづれ,23.1
ムウマ,たたりめ,23.1
ムウマ,トリックルーム,17.5
ムウマ,のろい,15.8
キリンリキ,わるだくみ,39.7
キリンリキ,マジカルシャイン,33.0
キリンリキ,ミラーコート,32.2
キリンリキ,テラバースト,28.1
キリンリキ,でんじは,27.3
キリンリキ,バトンタッチ,26.2
キリンリキ,ねむる,25.5
キリンリキ,こうそくいどう,20.6
キリンリキ,アシストパワー,20.6
キリンリキ,じならし,19.1
フォレトス,ボディプレス,66.0
フォレトス,ステルスロック,65.8
フォレトス,ボルトチェンジ,54.5
フォレトス,てっぺき,33.0
フォレトス,ジャイロボール,24.6
フォレトス,だいばくはつ,18.4
フォレトス,アイススピナー,17.8
フォレトス,でんじは,17.7
フォレトス,こうそくスピン,16.4
フォレトス,どくびし,11.7
ノコッチ,はねやすめ,66.5
ノコッチ,バトンタッチ,55.1
ノコッチ,とぐろをまく,54.1
ノコッチ,ステルスロック,51.5
ノコッチ,あくび,41.7
ノコッチ,へびにらみ,31.7
ノコッチ,れいとうビーム,12.2
ノコッチ,めいそう,10.5
ノコッチ,ドわすれ,9.6
ノコッチ,ハイパードリル,8.9
ハリーセン,みちづれ,54.6
ハリーセン,たきのぼり,38.4
ハリーセン,どくづき,33.9
ハリーセン,きしかいせい,30.1
ハリーセン,でんじは,24.4
ハリーセン,ダストシュート,24.1
ハリーセン,どくどく,23.4
ハリーセン,まきびし,22.7
ハリーセン,とどめばり,20.9
ハリーセン,アクアブレイク,19.4
ハッサム,バレットパンチ,100.0
ハッサム,とんぼがえり,77.3
ハッサム,インファイト,75.1
ハッサム,どろぼう,55.5
ハッサム,つるぎのまい,35.2
ハッサム,テラバースト,13.2
ハッサム,かわらわり,6.3
ハッサム,つばめがえし,6.3
ハッサム,くさわけ,6.3
ハッサム,シザークロス,4.1
ヘラクロス,インファイト,84.9
ヘラクロス,ロックブラスト,56.3
ヘラクロス,じしん,42.6
ヘラクロス,くさわけ,42.6
ヘラクロス,じごくづき,35.8
ヘラクロス,ミサイルばり,24.6
ヘラクロス,タネマシンガン,20.7
ヘラクロス,からげんき,17.1
ヘラクロス,つるぎのまい,13.3
ヘラクロス,メガホーン,11.8
ニューラ,カウンター,75.0
ニューラ,こおりのつぶて,67.9
ニューラ,きしかいせい,48.2
ニューラ,ねこだまし,44.6
ニューラ,こごえるかぜ,35.7
ニューラ,つららおとし,28.6
ニューラ,かみつく,28.6
ニューラ,テラバースト,19.6
ニューラ,つるぎのまい,19.6
ニューラ,かわらわり,19.6
ヒメグマ,インファイト,97.9
ヒメグマ,じゃれつく,87.5
ヒメグマ,つぶらなひとみ,58.3
ヒメグマ,のしかかり,50.0
ヒメグマ,ちょうはつ,39.6
ヒメグマ,まもる,37.5
ヒメグマ,ダストシュート,10.4
ヒメグマ,からげんき,10.4
ヒメグマ,ねむる,2.1
ヒメグマ,あばれる,2.1
リングマ,じゃれつく,55.7
リングマ,じしん,54.5
リングマ,からげんき,28.6
リングマ,ビルドアップ,27.9
リングマ,のしかかり,23.1
リングマ,シャドークロー,19.9
リングマ,ねごと,17.0
リングマ,ねむる,17.0
リングマ,かわらわり,12.1
リングマ,アームハンマー,10.9
デリバード,みちづれ,85.9
デリバード,おいかぜ,56.1
デリバード,カウンター,50.9
デリバード,おきみやげ,34.0
デリバード,こおりのつぶて,31.4
デリバード,ねこだまし,22.6
デリバード,きしかいせい,13.9
デリバード,れいとうビーム,12.6
デリバード,こうそくスピン,12.3
デリバード,フリーズドライ,11.5
デルビル,ほうふく,91.1
デルビル,イカサマ,77.7
デルビル,ふいうち,60.7
デルビル,きしかいせい,47.3
デルビル,みちづれ,43.8
デルビル,ひのこ,18.8
デルビル,ほえる,16.1
デルビル,かえんほうしゃ,11.6
デルビル,スモッグ,8.9
デルビル,とおぼえ,8.9
ヘルガー,あくのはどう,75.1
ヘルガー,みちづれ,66.5
ヘルガー,かえんほうしゃ,56.5
ヘルガー,ふいうち,35.8
ヘルガー,カウンター,29.6
ヘルガー,ほうふく,27.7
ヘルガー,オーバーヒート,24.2
ヘルガー,ちょうはつ,13.4
ヘルガー,テラバースト,11.7
ヘルガー,ヘドロばくだん,8.1
ゴマゾウ,こおりのつぶて,98.2
ゴマゾウ,カウンター,97.4
ゴマゾウ,がむしゃら,66.7
ゴマゾウ,じわれ,40.4
ゴマゾウ,じたばた,28.1
ゴマゾウ,アンコール,18.4
ゴマゾウ,ステルスロック,15.8
ゴマゾウ,じしん,11.4
ゴマゾウ,にほんばれ,7.9
ゴマゾウ,じならし,6.1
ドンファン,じしん,91.9
ドンファン,こおりのつぶて,90.1
ドンファン,ステルスロック,51.1
ドンファン,はたきおとす,47.4
ドンファン,こうそくスピン,28.2
ドンファン,がむしゃら,24.5
ドンファン,アイススピナー,23.2
ドンファン,アンコール,13.5
ドンファン,じゃれつく,8.6
ドンファン,カウンター,3.7
オドシシ,でんじは,50.7
オドシシ,リフレクター,46.6
オドシシ,さいみんじゅつ,34.4
オドシシ,めいそう,34.4
オドシシ,あやしいひかり,29.6
オドシシ,ひかりのかべ,29.3
オドシシ,だいちのちから,27.9
オドシシ,すてみタックル,25.2
オドシシ,テラバースト,18.7
オドシシ,シャドーボール,18.7
ハピナス,タマゴうみ,90.7
ハピナス,かえんほうしゃ,48.2
ハピナス,なげつける,41.5
ハピナス,シャドーボール,40.8
ハピナス,めいそう,40.2
ハピナス,れいとうビーム,29.4
ハピナス,ステルスロック,18.1
ハピナス,１０まんボルト,15.4
ハピナス,テラバースト,14.0
ハピナス,ちきゅうなげ,11.7
ヨーギラス,いわなだれ,92.9
ヨーギラス,アイアンヘッド,92.9
ヨーギラス,じしん,92.9
ヨーギラス,ロックブラスト,92.9
ヨーギラス,たいあたり,7.1
ヨーギラス,にらみつける,7.1
サナギラス,じしん,88.0
サナギラス,りゅうのまい,88.0
サナギラス,テラバースト,76.0
サナギラス,ねむる,64.0
サナギラス,アイアンヘッド,24.0
サナギラス,ストーンエッジ,24.0
サナギラス,バークアウト,12.0
サナギラス,だいちのちから,12.0
サナギラス,げんしのちから,12.0
バンギラス,かみくだく,64.9
バンギラス,じしん,64.4
バンギラス,ロックブラスト,49.2
バンギラス,ストーンエッジ,34.3
バンギラス,けたぐり,28.5
バンギラス,りゅうのまい,23.6
バンギラス,ステルスロック,18.2
バンギラス,れいとうパンチ,17.5
バンギラス,テラバースト,9.9
バンギラス,でんじは,9.9
ペリッパー,ぼうふう,97.0
ペリッパー,とんぼがえり,80.2
ペリッパー,ハイドロポンプ,43.2
ペリッパー,れいとうビーム,37.3
ペリッパー,はねやすめ,34.0
ペリッパー,なみのり,29.5
ペリッパー,ひやみず,27.0
ペリッパー,おいかぜ,18.4
ペリッパー,でんこうせっか,8.0
ペリッパー,テラバースト,6.5
ラルトス,みちづれ,57.3
ラルトス,トリックルーム,49.4
ラルトス,おきみやげ,46.1
ラルトス,おにび,39.3
ラルトス,サイコキネシス,34.8
ラルトス,さいみんじゅつ,32.6
ラルトス,あまえる,32.6
ラルトス,かげぶんしん,24.7
ラルトス,めいそう,15.7
ラルトス,ゆめくい,10.1
キルリア,みちづれ,86.1
キルリア,アンコール,54.4
キルリア,トリックルーム,54.4
キルリア,こごえるかぜ,46.8
キルリア,リフレクター,35.4
キルリア,かげうち,35.4
キルリア,ひかりのかべ,27.8
キルリア,おきみやげ,20.3
キルリア,マジカルフレイム,10.1
キルリア,サイケこうせん,5.1
サーナイト,ムーンフォース,94.0
サーナイト,マジカルフレイム,64.5
サーナイト,サイコキネシス,47.8
サーナイト,トリック,42.8
サーナイト,サイコショック,28.1
サーナイト,１０まんボルト,14.9
サーナイト,みちづれ,11.7
サーナイト,アンコール,9.6
サーナイト,シャドーボール,9.1
サーナイト,エナジーボール,8.1
アメタマ,ねばねばネット,84.6
アメタマ,あまごい,70.8
アメタマ,パワーシェア,56.9
アメタマ,ハイドロポンプ,29.2
アメタマ,くろいきり,27.7
アメタマ,ひやみず,27.7
アメタマ,しろいきり,15.4
アメタマ,みがわり,15.4
アメタマ,こうそくいどう,15.4
アメタマ,バトンタッチ,15.4
アメモース,ねばねばネット,84.3
アメモース,こごえるかぜ,53.1
アメモース,エアスラッシュ,46.5
アメモース,ふきとばし,33.4
アメモース,ちょうのまい,22.3
アメモース,なみのり,14.9
アメモース,れいとうビーム,14.1
アメモース,とんぼがえり,13.7
アメモース,おいかぜ,10.8
アメモース,しびれごな,10.5
キノココ,みがわり,97.1
キノココ,やどりぎのタネ,97.1
キノココ,キノコのほうし,97.1
キノココ,とびつく,91.4
キノココ,まもる,5.7
キノココ,タネばくだん,2.9
キノココ,うそなき,2.9
キノココ,なやみのタネ,2.9
キノココ,てだすけ,2.9
キノガッサ,マッハパンチ,92.4
キノガッサ,キノコのほうし,91.9
キノガッサ,タネマシンガン,89.9
キノガッサ,じならし,60.4
キノガッサ,がんせきふうじ,25.4
キノガッサ,テラバースト,6.7
キノガッサ,やどりぎのタネ,6.3
キノガッサ,みがわり,6.2
キノガッサ,つるぎのまい,4.7
キノガッサ,つばめがえし,2.7
ナマケロ,ブレイククロー,60.0
ナマケロ,のしかかり,60.0
ナマケロ,つじぎり,60.0
ナマケロ,アームハンマー,60.0
ナマケロ,ドわすれ,40.0
ナマケロ,ゆびをふる,40.0
ナマケロ,なまける,40.0
ナマケロ,あくび,40.0
ヤルキモノ,ビルドアップ,78.8
ヤルキモノ,なまける,73.8
ヤルキモノ,じごくづき,64.8
ヤルキモノ,ドわすれ,38.3
ヤルキモノ,アンコール,29.3
ヤルキモノ,ドレインパンチ,16.8
ヤルキモノ,ちょうはつ,12.5
ヤルキモノ,じゃれつく,10.6
ヤルキモノ,じしん,10.0
ヤルキモノ,カウンター,8.8
ケッキング,ギガインパクト,92.4
ケッキング,ふいうち,47.5
ケッキング,じごくづき,43.4
ケッキング,じしん,40.5
ケッキング,じゃれつく,35.0
ケッキング,シャドークロー,32.3
ケッキング,ドレインパンチ,16.6
ケッキング,アームハンマー,9.6
ケッキング,あくび,9.3
ケッキング,れいとうパンチ,7.2
マクノシタ,ヘビーボンバー,100.0
マクノシタ,かみなりパンチ,100.0
マクノシタ,インファイト,100.0
マクノシタ,はらだいこ,100.0
ハリテヤマ,バレットパンチ,90.7
ハリテヤマ,ドレインパンチ,73.4
ハリテヤマ,ぶちかまし,63.0
ハリテヤマ,ねこだまし,56.3
ハリテヤマ,はたきおとす,32.7
ハリテヤマ,インファイト,22.0
ハリテヤマ,じしん,14.3
ハリテヤマ,れいとうパンチ,12.3
ハリテヤマ,ヘビーボンバー,6.6
ハリテヤマ,はらだいこ,4.8
ルリリ,はねる,100.0
ルリリ,てだすけ,28.6
ルリリ,しっぽをふる,28.6
ルリリ,みずでっぽう,28.6
ヤミラミ,アンコール,74.9
ヤミラミ,イカサマ,61.0
ヤミラミ,おにび,44.5
ヤミラミ,かなしばり,35.9
ヤミラミ,じこさいせい,31.3
ヤミラミ,リフレクター,21.7
ヤミラミ,ひかりのかべ,21.2
ヤミラミ,みがわり,18.7
ヤミラミ,はたきおとす,14.3
ヤミラミ,ちょうはつ,13.6
アサナン,インファイト,100.0
アサナン,バレットパンチ,100.0
アサナン,しねんのずつき,66.7
アサナン,ねこだまし,66.7
アサナン,フェイント,33.3
アサナン,サイコカッター,33.3
チャーレム,しねんのずつき,63.2
チャーレム,れいとうパンチ,58.8
チャーレム,とびひざげり,44.6
チャーレム,バレットパンチ,36.6
チャーレム,インファイト,27.3
チャーレム,ねこだまし,25.9
チャーレム,トリック,25.7
チャーレム,ほのおのパンチ,21.6
チャーレム,かかとおとし,21.2
チャーレム,テラバースト,10.7
ゴクリン,アンコール,84.2
ゴクリン,どくどく,78.9
ゴクリン,いたみわけ,55.3
ゴクリン,あくび,34.2
ゴクリン,まもる,31.6
ゴクリン,ドわすれ,31.6
ゴクリン,たくわえる,18.4
ゴクリン,クリアスモッグ,7.9
ゴクリン,とける,7.9
ゴクリン,スモッグ,7.9
マルノーム,どくどく,55.3
マルノーム,ボディプレス,52.5
マルノーム,ほおばる,26.7
マルノーム,あくび,26.5
マルノーム,アンコール,24.1
マルノーム,とける,19.9
マルノーム,たくわえる,17.3
マルノーム,まもる,14.1
マルノーム,いたみわけ,13.6
マルノーム,ゲップ,12.9
ドンメル,ふんえん,70.2
ドンメル,あくび,68.1
ドンメル,ステルスロック,67.0
ドンメル,あまえる,64.4
ドンメル,たくわえる,33.0
ドンメル,ねむる,24.6
ドンメル,ボディプレス,20.9
ドンメル,おにび,15.7
ドンメル,ほのおのうず,14.1
ドンメル,じしん,4.7
バクーダ,だいちのちから,67.4
バクーダ,じわれ,39.0
バクーダ,テラバースト,37.3
バクーダ,じしん,36.1
バクーダ,かえんほうしゃ,31.8
バクーダ,あくび,24.4
バクーダ,ふんえん,22.8
バクーダ,ふんか,20.2
バクーダ,オーバーヒート,17.3
バクーダ,ステルスロック,17.2
コータス,ステルスロック,76.5
コータス,あくび,74.7
コータス,オーバーヒート,71.2
コータス,ソーラービーム,40.3
コータス,クリアスモッグ,21.0
コータス,ふんか,17.6
コータス,じわれ,15.2
コータス,かえんほうしゃ,12.4
コータス,ボディプレス,12.1
コータス,だいちのちから,10.7
バネブー,サイコキネシス,60.0
バネブー,ナイトヘッド,60.0
バネブー,ねむる,60.0
バネブー,ミラーコート,60.0
バネブー,いびき,40.0
バネブー,しっぺがえし,40.0
バネブー,パワージェム,40.0
バネブー,サイコショック,40.0
ブーピッグ,サイコショック,40.7
ブーピッグ,ミラーコート,36.5
ブーピッグ,マジカルシャイン,25.6
ブーピッグ,ふきとばし,25.4
ブーピッグ,だいちのちから,22.3
ブーピッグ,みらいよち,21.8
ブーピッグ,きあいだま,20.7
ブーピッグ,パワージェム,19.2
ブーピッグ,サイコキネシス,17.6
ブーピッグ,ねむる,16.3
サボネア,テラバースト,78.8
サボネア,ふいうち,78.8
サボネア,タネばくだん,78.8
サボネア,つるぎのまい,78.8
サボネア,つけあがる,21.2
サボネア,すなかけ,21.2
サボネア,タネマシンガン,21.2
サボネア,ねをはる,15.2
サボネア,やどりぎのタネ,6.1
ノクタス,ふいうち,86.5
ノクタス,リーフストーム,58.5
ノクタス,あくのはどう,45.2
ノクタス,ニードルガード,43.3
ノクタス,テラバースト,31.1
ノクタス,みちづれ,23.7
ノクタス,エナジーボール,15.8
ノクタス,アンコール,15.8
ノクタス,しっぺがえし,10.7
ノクタス,やどりぎのタネ,7.6
チルット,おいかぜ,57.1
チルット,ほろびのうた,57.1
チルット,きりばらい,50.0
チルット,はねやすめ,42.9
チルット,ブレイブバード,35.7
チルット,みだれづき,21.4
チルット,ムーンフォース,21.4
チルット,チャームボイス,21.4
チルット,りんしょう,21.4
チルット,まもる,21.4
チルタリス,ほろびのうた,88.8
チルタリス,ほのおのうず,85.9
チルタリス,はねやすめ,84.4
チルタリス,コットンガード,68.6
チルタリス,まもる,11.7
チルタリス,おにび,9.4
チルタリス,ムーンフォース,7.2
チルタリス,ねむる,5.3
チルタリス,みがわり,4.7
チルタリス,ブレイブバード,4.2
ザングース,からげんき,52.2
ザングース,でんこうせっか,31.2
ザングース,シャドークロー,29.9
ザングース,インファイト,29.5
ザングース,すりかえ,29.2
ザングース,はらだいこ,26.9
ザングース,つじぎり,24.2
ザングース,いのちがけ,24.1
ザングース,でんじは,20.5
ザングース,フェイント,16.8
ハブネーク,へびにらみ,85.9
ハブネーク,すりかえ,62.9
ハブネーク,いのちがけ,58.9
ハブネーク,ヘドロばくだん,36.3
ハブネーク,かえんほうしゃ,24.9
ハブネーク,かみくだく,17.4
ハブネーク,ダストシュート,16.9
ハブネーク,フェイント,16.0
ハブネーク,あくのはどう,13.4
ハブネーク,アシッドボム,9.4
ドジョッチ,じわれ,100.0
ドジョッチ,ひやみず,100.0
ドジョッチ,れいとうビーム,100.0
ドジョッチ,どろかけ,100.0
ナマズン,ステルスロック,73.7
ナマズン,じわれ,71.3
ナマズン,まきびし,40.5
ナマズン,ひやみず,35.0
ナマズン,れいとうビーム,31.5
ナマズン,だいちのちから,19.7
ナマズン,りゅうのまい,17.0
ナマズン,こごえるかぜ,14.0
ナマズン,じしん,12.6
ナマズン,ハイドロポンプ,9.7
カゲボウズ,トリック,100.0
カゲボウズ,１０まんボルト,100.0
カゲボウズ,のろい,100.0
カゲボウズ,みちづれ,100.0
ジュペッタ,はたきおとす,48.1
ジュペッタ,みちづれ,45.3
ジュペッタ,トリックルーム,43.0
ジュペッタ,かげうち,40.7
ジュペッタ,のろい,33.0
ジュペッタ,アンコール,27.6
ジュペッタ,ふいうち,21.3
ジュペッタ,シャドークロー,16.1
ジュペッタ,トリック,14.8
ジュペッタ,つるぎのまい,14.5
トロピウス,やどりぎのタネ,94.8
トロピウス,まもる,82.8
トロピウス,みがわり,63.7
トロピウス,とんぼがえり,40.6
トロピウス,エアスラッシュ,26.7
トロピウス,こうごうせい,24.6
トロピウス,のろい,12.0
トロピウス,ふきとばし,10.4
トロピウス,そらをとぶ,6.6
トロピウス,ドラゴンテール,6.3
ユキワラシ,ころがる,100.0
ユキワラシ,かなしばり,100.0
ユキワラシ,とおせんぼう,100.0
ユキワラシ,つららおとし,100.0
オニゴーリ,みがわり,97.9
オニゴーリ,まもる,97.4
オニゴーリ,フリーズドライ,90.3
オニゴーリ,テラバースト,69.5
オニゴーリ,ぜったいれいど,29.6
オニゴーリ,かげぶんしん,5.2
オニゴーリ,じしん,2.4
オニゴーリ,こおりのつぶて,1.9
オニゴーリ,こおりのいぶき,1.2
オニゴーリ,れいとうビーム,0.9
ラブカス,ハイドロポンプ,79.2
ラブカス,しんぴのまもり,67.9
ラブカス,こごえるかぜ,58.5
ラブカス,つぶらなひとみ,58.5
ラブカス,ねがいごと,28.3
ラブカス,あまごい,26.4
ラブカス,メロメロ,25.5
ラブカス,あまえる,17.0
ラブカス,みずのはどう,9.4
ラブカス,みずびたし,9.4
コモルー,げきりん,65.0
コモルー,ほのおのキバ,65.0
コモルー,ドラゴンテール,65.0
コモルー,アイアンヘッド,65.0
コモルー,りゅうのまい,35.0
コモルー,かわらわり,33.0
コモルー,テラバースト,33.0
コモルー,ドラゴンクロー,33.0
コモルー,すてみタックル,1.9
コモルー,みがわり,1.9
ボーマンダ,ダブルウイング,65.6
ボーマンダ,じしん,56.0
ボーマンダ,りゅうのまい,49.5
ボーマンダ,げきりん,35.7
ボーマンダ,りゅうせいぐん,32.4
ボーマンダ,テラバースト,26.3
ボーマンダ,だいもんじ,22.4
ボーマンダ,アイアンヘッド,20.6
ボーマンダ,ぼうふう,14.4
ボーマンダ,ドラゴンクロー,13.3
ムックル,でんこうせっか,100.0
ムックル,がむしゃら,94.7
ムックル,なきごえ,50.0
ムックル,ふきとばし,42.1
ムックル,かげぶんしん,36.8
ムックル,とんぼがえり,28.9
ムックル,おいかぜ,18.4
ムックル,たいあたり,7.9
ムックル,つばさでうつ,7.9
ムックル,つばめがえし,5.3
ムクバード,がむしゃら,82.8
ムクバード,かげぶんしん,55.2
ムクバード,つばめがえし,55.2
ムクバード,でんこうせっか,37.9
ムクバード,ふきとばし,34.5
ムクバード,おいかぜ,27.6
ムクバード,こらえる,27.6
ムクバード,フェザーダンス,27.6
ムクバード,こうそくいどう,17.2
ムクバード,ブレイブバード,17.2
ムクホーク,ブレイブバード,98.2
ムクホーク,インファイト,92.5
ムクホーク,とんぼがえり,80.5
ムクホーク,すてみタックル,75.2
ムクホーク,でんこうせっか,14.9
ムクホーク,いのちがけ,14.1
ムクホーク,テラバースト,7.4
ムクホーク,がむしゃら,4.6
ムクホーク,おいかぜ,4.1
ムクホーク,ふきとばし,2.6
コロトック,ねばねばネット,72.2
コロトック,うたう,54.7
コロトック,ほろびのうた,49.8
コロトック,ちょうはつ,37.5
コロトック,とびつく,34.5
コロトック,バトンタッチ,27.1
コロトック,とどめばり,24.3
コロトック,かわらわり,20.6
コロトック,つじぎり,17.6
コロトック,つばめがえし,12.9
レントラー,ボルトチェンジ,72.5
レントラー,でんじは,62.5
レントラー,つぶらなひとみ,27.8
レントラー,ワイルドボルト,27.3
レントラー,エレキフィールド,19.5
レントラー,かいでんぱ,18.6
レントラー,ほえる,17.6
レントラー,かみくだく,17.1
レントラー,こおりのキバ,16.0
レントラー,からげんき,15.7
ミツハニー,テラバースト,96.4
ミツハニー,かぜおこし,60.0
ミツハニー,むしのさざめき,56.4
ミツハニー,ねごと,56.4
ミツハニー,むしくい,43.6
ミツハニー,あまいかおり,43.6
ミツハニー,むしのていこう,43.6
ビークイン,はねやすめ,87.3
ビークイン,どくどく,80.3
ビークイン,ぼうぎょしれい,67.4
ビークイン,むしのさざめき,22.4
ビークイン,こうげきしれい,21.9
ビークイン,ちょうはつ,20.3
ビークイン,まもる,14.8
ビークイン,みちづれ,13.0
ビークイン,テラバースト,10.2
ビークイン,みがわり,8.1
パチリス,ほっぺすりすり,99.6
パチリス,いかりのまえば,92.2
パチリス,とんぼがえり,51.7
パチリス,アンコール,42.5
パチリス,あまえる,33.9
パチリス,ボルトチェンジ,14.9
パチリス,マッドショット,12.8
パチリス,エレキフィールド,10.9
パチリス,１０まんボルト,6.8
パチリス,ひかりのかべ,6.7
ブイゼル,ウェーブタックル,100.0
ブイゼル,アクアジェット,100.0
ブイゼル,かみくだく,93.8
ブイゼル,アイススピナー,93.8
フローゼル,ウェーブタックル,98.2
フローゼル,アクアジェット,92.4
フローゼル,アイススピナー,82.0
フローゼル,たきのぼり,21.5
フローゼル,かみくだく,21.2
フローゼル,アクアブレイク,19.3
フローゼル,ねごと,13.0
フローゼル,かわらわり,11.2
フローゼル,けたぐり,5.8
フローゼル,こおりのキバ,5.4
カラナクシ,ステルスロック,97.3
カラナクシ,ミラーコート,95.8
カラナクシ,あくび,92.1
カラナクシ,カウンター,89.0
カラナクシ,おきみやげ,13.1
カラナクシ,じこさいせい,6.8
カラナクシ,ひやみず,2.3
カラナクシ,だいちのちから,1.7
カラナクシ,マッドショット,1.2
カラナクシ,げんしのちから,0.4
トリトドン,だいちのちから,70.6
トリトドン,じこさいせい,59.4
トリトドン,あくび,51.0
トリトドン,ステルスロック,50.6
トリトドン,れいとうビーム,49.8
トリトドン,なみのり,25.5
トリトドン,ヘドロばくだん,14.9
トリトドン,ミラーコート,12.8
トリトドン,ひやみず,12.5
トリトドン,カウンター,9.8
フワンテ,みちづれ,82.1
フワンテ,おきみやげ,71.4
フワンテ,おいかぜ,71.4
フワンテ,バトンタッチ,25.0
フワンテ,ちいさくなる,17.9
フワンテ,シャドーボール,14.3
フワンテ,みがわり,14.3
フワンテ,トリックルーム,10.7
フワンテ,だいばくはつ,10.7
フワンテ,でんじは,7.1
フワライド,ちいさくなる,82.3
フワライド,バトンタッチ,80.1
フワライド,みがわり,63.7
フワライド,ちからをすいとる,46.7
フワライド,たくわえる,30.2
フワライド,シャドーボール,15.6
フワライド,エアスラッシュ,8.6
フワライド,さいみんじゅつ,8.5
フワライド,みちづれ,8.0
フワライド,おにび,6.5
ムウマージ,シャドーボール,66.4
ムウマージ,みちづれ,63.8
ムウマージ,ちょうはつ,37.9
ムウマージ,こごえるかぜ,31.6
ムウマージ,マジカルフレイム,23.1
ムウマージ,おにび,18.1
ムウマージ,たたりめ,17.7
ムウマージ,マジカルシャイン,17.6
ムウマージ,おきみやげ,13.7
ムウマージ,でんじは,12.8
ドンカラス,ふいうち,94.8
ドンカラス,ほうふく,54.2
ドンカラス,ブレイブバード,43.4
ドンカラス,つじぎり,40.0
ドンカラス,ちょうはつ,31.8
ドンカラス,ねっぷう,20.9
ドンカラス,とんぼがえり,17.4
ドンカラス,イカサマ,12.6
ドンカラス,テラバースト,12.2
ドンカラス,あくのはどう,10.4
スカタンク,ふいうち,75.1
スカタンク,イカサマ,66.8
スカタンク,かみくだく,44.2
スカタンク,ダストシュート,43.8
スカタンク,じゃれつく,27.9
スカタンク,どくどく,23.7
スカタンク,ちょうはつ,17.0
スカタンク,だいばくはつ,12.4
スカタンク,おきみやげ,11.5
スカタンク,どくびし,10.8
ドーミラー,ステルスロック,100.0
ドーミラー,リフレクター,76.4
ドーミラー,ひかりのかべ,73.6
ドーミラー,てっていこうせん,68.1
ドーミラー,トリックルーム,41.7
ドーミラー,あやしいひかり,16.7
ドーミラー,さいみんじゅつ,15.3
ドーミラー,あまごい,5.6
ドーミラー,にほんばれ,2.8
ドータクン,ジャイロボール,45.5
ドータクン,トリックルーム,43.9
ドータクン,ボディプレス,41.3
ドータクン,ステルスロック,34.4
ドータクン,てっぺき,31.1
ドータクン,アイススピナー,27.6
ドータクン,じしん,27.3
ドータクン,てっていこうせん,19.2
ドータクン,トリック,16.9
ドータクン,しねんのずつき,10.3
ウソハチ,ふいうち,100.0
ウソハチ,カウンター,100.0
ウソハチ,じたばた,81.8
ウソハチ,がんせきふうじ,63.6
ウソハチ,ステルスロック,36.4
ウソハチ,イカサマ,18.2
ピンプク,まねっこ,100.0
ピンプク,じゅうりょく,50.0
ピンプク,プレゼント,50.0
ピンプク,はたく,50.0
ピンプク,ちきゅうなげ,50.0
ミカルゲ,トリックルーム,58.9
ミカルゲ,おにび,42.7
ミカルゲ,のろい,41.5
ミカルゲ,おきみやげ,38.1
ミカルゲ,みちづれ,30.0
ミカルゲ,イカサマ,23.4
ミカルゲ,あくのはどう,21.5
ミカルゲ,ふいうち,21.0
ミカルゲ,いたみわけ,18.2
ミカルゲ,シャドーボール,17.0
フカマル,あなをほる,100.0
フカマル,とっしん,100.0
フカマル,ドラゴンクロー,100.0
フカマル,すなあらし,100.0
ガバイト,こわいかお,100.0
ガバイト,じならし,100.0
ガバイト,ドラゴンテール,100.0
ガバイト,ステルスロック,100.0
ガブリアス,じしん,93.1
ガブリアス,げきりん,60.6
ガブリアス,アイアンヘッド,46.9
ガブリアス,ステルスロック,40.6
ガブリアス,テラバースト,28.4
ガブリアス,ドラゴンテール,23.1
ガブリアス,つるぎのまい,21.7
ガブリアス,がんせきふうじ,18.8
ガブリアス,まきびし,12.0
ガブリアス,ドラゴンクロー,11.1
リオル,まねっこ,95.9
リオル,あなをほる,51.9
リオル,きしかいせい,48.9
リオル,みがわり,33.8
リオル,バレットパンチ,22.6
リオル,カウンター,16.2
リオル,いやなおと,14.3
リオル,ともえなげ,13.5
リオル,フェイント,12.8
リオル,インファイト,12.4
ルカリオ,しんくうは,52.8
ルカリオ,しんそく,45.7
ルカリオ,バレットパンチ,40.3
ルカリオ,インファイト,35.1
ルカリオ,はどうだん,34.5
ルカリオ,てっていこうせん,31.2
ルカリオ,あくのはどう,23.7
ルカリオ,ラスターカノン,21.0
ルカリオ,つるぎのまい,20.9
ルカリオ,テラバースト,15.9
ヒポポタス,ステルスロック,80.0
ヒポポタス,じしん,40.0
ヒポポタス,あなをほる,40.0
ヒポポタス,ほえる,40.0
ヒポポタス,あくび,40.0
ヒポポタス,すなかけ,40.0
ヒポポタス,じわれ,40.0
ヒポポタス,はきだす,20.0
ヒポポタス,たくわえる,20.0
ヒポポタス,のみこむ,20.0
カバルドン,ステルスロック,94.8
カバルドン,じしん,94.4
カバルドン,あくび,90.2
カバルドン,ほえる,41.0
カバルドン,ふきとばし,40.4
カバルドン,なまける,13.2
カバルドン,がんせきふうじ,8.6
カバルドン,こおりのキバ,5.3
カバルドン,じわれ,3.2
カバルドン,ストーンエッジ,1.2
グレッグル,ふいうち,100.0
グレッグル,どくどく,59.3
グレッグル,わるだくみ,59.3
グレッグル,ベノムショック,59.3
グレッグル,ねこだまし,40.7
グレッグル,ダストシュート,40.7
グレッグル,きしかいせい,40.7
ドクロッグ,ふいうち,55.6
ドクロッグ,インファイト,47.2
ドクロッグ,じしん,34.6
ドクロッグ,どくづき,32.1
ドクロッグ,ドレインパンチ,28.1
ドクロッグ,ダストシュート,25.4
ドクロッグ,バレットパンチ,19.2
ドクロッグ,カウンター,15.0
ドクロッグ,ねこだまし,13.9
ドクロッグ,ちょうはつ,13.4
ネオラント,アンコール,66.3
ネオラント,うずしお,43.4
ネオラント,みがわり,26.5
ネオラント,マジカルシャイン,25.2
ネオラント,おいかぜ,24.9
ネオラント,とんぼがえり,24.9
ネオラント,ハイドロポンプ,24.6
ネオラント,あまえる,24.3
ネオラント,なみのり,23.3
ネオラント,れいとうビーム,22.3
ユキノオー,ふぶき,77.6
ユキノオー,オーロラベール,72.2
ユキノオー,こおりのつぶて,34.6
ユキノオー,やどりぎのタネ,34.5
ユキノオー,リーフストーム,29.4
ユキノオー,だいちのちから,27.2
ユキノオー,ぜったいれいど,27.2
ユキノオー,ギガドレイン,23.1
ユキノオー,エナジーボール,12.1
ユキノオー,きあいだま,8.6
マニューラ,こおりのつぶて,81.1
マニューラ,つじぎり,67.3
マニューラ,ねこだまし,46.1
マニューラ,けたぐり,42.4
マニューラ,アイススピナー,35.0
マニューラ,ちょうはつ,21.2
マニューラ,つららおとし,18.8
マニューラ,カウンター,10.3
マニューラ,かわらわり,9.7
マニューラ,きしかいせい,8.6
ジバコイル,ラスターカノン,96.6
ジバコイル,ボルトチェンジ,86.3
ジバコイル,１０まんボルト,83.2
ジバコイル,テラバースト,72.1
ジバコイル,ミラーコート,13.9
ジバコイル,ほうでん,11.5
ジバコイル,てっていこうせん,9.4
ジバコイル,でんじは,7.0
ジバコイル,ボディプレス,5.8
ジバコイル,トライアタック,2.8
リーフィア,リーフブレード,64.4
リーフィア,こうごうせい,49.3
リーフィア,テラバースト,45.3
リーフィア,やどりぎのタネ,38.8
リーフィア,あまえる,34.4
リーフィア,つるぎのまい,34.3
リーフィア,くさわけ,26.0
リーフィア,にほんばれ,14.8
リーフィア,でんこうせっか,14.7
リーフィア,バトンタッチ,13.9
グレイシア,フリーズドライ,95.7
グレイシア,テラバースト,75.5
グレイシア,こおりのつぶて,48.0
グレイシア,シャドーボール,37.8
グレイシア,れいとうビーム,29.4
グレイシア,ミラーコート,26.2
グレイシア,ふぶき,21.4
グレイシア,マッドショット,15.6
グレイシア,めいそう,9.3
グレイシア,あくび,7.9
エルレイド,せいなるつるぎ,98.0
エルレイド,サイコカッター,91.3
エルレイド,つじぎり,62.6
エルレイド,リーフブレード,58.0
エルレイド,かげうち,36.2
エルレイド,アクアカッター,12.5
エルレイド,トリック,6.2
エルレイド,みちづれ,4.8
エルレイド,はたきおとす,4.5
エルレイド,トリックルーム,3.5
ユキメノコ,みちづれ,89.3
ユキメノコ,ゆきなだれ,41.4
ユキメノコ,ちょうはつ,36.6
ユキメノコ,まきびし,28.9
ユキメノコ,シャドーボール,26.1
ユキメノコ,おにび,25.6
ユキメノコ,こごえるかぜ,22.2
ユキメノコ,でんじは,20.7
ユキメノコ,れいとうビーム,19.2
ユキメノコ,たたりめ,16.6
ロトム,シャドーボール,53.1
ロトム,トリック,42.8
ロトム,おにび,41.7
ロトム,ボルトチェンジ,38.6
ロトム,でんじは,36.9
ロトム,たたりめ,35.8
ロトム,ほうでん,31.0
ロトム,１０まんボルト,17.2
ロトム,みがわり,16.2
ロトム,ハイパーボイス,13.1
ヒートロトム,ボルトチェンジ,91.2
ヒートロトム,オーバーヒート,81.7
ヒートロトム,おにび,47.2
ヒートロトム,トリック,45.6
ヒートロトム,イカサマ,28.8
ヒートロトム,テラバースト,22.4
ヒートロトム,でんじは,21.3
ヒートロトム,ほうでん,18.0
ヒートロトム,１０まんボルト,16.7
ヒートロトム,たたりめ,8.2
ウォッシュロトム,ハイドロポンプ,95.4
ウォッシュロトム,ボルトチェンジ,89.5
ウォッシュロトム,トリック,59.0
ウォッシュロトム,テラバースト,41.3
ウォッシュロトム,１０まんボルト,30.0
ウォッシュロトム,ほうでん,26.9
ウォッシュロトム,おにび,17.9
ウォッシュロトム,でんじは,9.1
ウォッシュロトム,イカサマ,8.4
ウォッシュロトム,シャドーボール,6.5
フロストロトム,ふぶき,85.8
フロストロトム,ボルトチェンジ,82.9
フロストロトム,トリック,64.2
フロストロトム,１０まんボルト,52.9
フロストロトム,おにび,20.5
フロストロトム,シャドーボール,19.2
フロストロトム,テラバースト,15.9
フロストロトム,ほうでん,15.6
フロストロトム,たたりめ,10.9
フロストロトム,でんじは,10.1
スピンロトム,エアスラッシュ,83.9
スピンロトム,ボルトチェンジ,58.5
スピンロトム,トリック,43.2
スピンロトム,テラバースト,38.7
スピンロトム,ほうでん,35.0
スピンロトム,１０まんボルト,25.7
スピンロトム,おにび,25.6
スピンロトム,シャドーボール,23.8
スピンロトム,でんじは,16.6
スピンロトム,わるだくみ,14.0
カットロトム,リーフストーム,95.3
カットロトム,ボルトチェンジ,88.1
カットロトム,トリック,63.7
カットロトム,１０まんボルト,37.6
カットロトム,テラバースト,27.8
カットロトム,ほうでん,19.1
カットロトム,あくのはどう,15.2
カットロトム,おにび,13.1
カットロトム,シャドーボール,10.2
カットロトム,でんじは,9.4
チュリネ,あまいかおり,61.5
チュリネ,いやしのねがい,61.5
チュリネ,なやみのタネ,61.5
チュリネ,ねをはる,61.5
チュリネ,ギガドレイン,38.5
チュリネ,ねむりごな,38.5
チュリネ,こうごうせい,38.5
チュリネ,やどりぎのタネ,38.5
ドレディア,ちょうのまい,89.2
ドレディア,テラバースト,84.7
ドレディア,ギガドレイン,71.9
ドレディア,ねむりごな,28.2
ドレディア,かふんだんご,16.1
ドレディア,あまえる,14.4
ドレディア,アンコール,13.2
ドレディア,ソーラービーム,12.9
ドレディア,みがわり,10.6
ドレディア,はなびらのまい,10.4
バスラオ(赤),アクアジェット,87.5
バスラオ(赤),ウェーブタックル,75.0
バスラオ(赤),もろはのずつき,70.2
バスラオ(赤),いのちがけ,57.7
バスラオ(赤),アクアブレイク,22.4
バスラオ(赤),サイコファング,14.3
バスラオ(赤),がむしゃら,13.2
バスラオ(赤),かみくだく,13.2
バスラオ(赤),ちょうはつ,12.5
バスラオ(赤),きしかいせい,9.9
バスラオ(青),アクアジェット,92.3
バスラオ(青),ウェーブタックル,71.1
バスラオ(青),もろはのずつき,54.1
バスラオ(青),いのちがけ,47.4
バスラオ(青),がむしゃら,30.9
バスラオ(青),ちょうはつ,20.6
バスラオ(青),テラバースト,20.1
バスラオ(青),すてみタックル,9.3
バスラオ(青),かみくだく,7.7
バスラオ(青),こおりのキバ,7.7
ワルビアル,じしん,84.4
ワルビアル,かみくだく,44.3
ワルビアル,ステルスロック,41.2
ワルビアル,ちょうはつ,40.3
ワルビアル,インファイト,29.4
ワルビアル,ダストシュート,24.3
ワルビアル,なげつける,21.1
ワルビアル,がんせきふうじ,19.5
ワルビアル,げきりん,13.9
ワルビアル,テラバースト,11.4
ゾロア,ちょうはつ,62.2
ゾロア,アンコール,57.7
ゾロア,ふいうち,56.4
ゾロア,はたきおとす,51.5
ゾロア,カウンター,36.5
ゾロア,ナイトバースト,34.0
ゾロア,イカサマ,32.0
ゾロア,おきみやげ,28.6
ゾロア,こわいかお,11.6
ゾロア,くさむすび,6.2
ゾロアーク,ナイトバースト,77.0
ゾロアーク,かえんほうしゃ,61.6
ゾロアーク,トリック,45.9
ゾロアーク,とんぼがえり,28.6
ゾロアーク,ちょうはつ,24.0
ゾロアーク,テラバースト,24.0
ゾロアーク,ヘドロばくだん,17.5
ゾロアーク,ふいうち,17.4
ゾロアーク,はたきおとす,15.0
ゾロアーク,わるだくみ,12.1
ゴチミル,ねむる,71.0
ゴチミル,ちょうはつ,48.5
ゴチミル,みがわり,44.5
ゴチミル,あまえる,43.0
ゴチミル,がんせきふうじ,37.5
ゴチミル,めいそう,36.0
ゴチミル,アシストパワー,32.5
ゴチミル,まもる,19.0
ゴチミル,さいみんじゅつ,17.0
ゴチミル,くすぐる,14.5
ゴチルゼル,めいそう,71.0
ゴチルゼル,ねむる,56.6
ゴチルゼル,アシストパワー,55.8
ゴチルゼル,あまえる,40.8
ゴチルゼル,トリック,26.6
ゴチルゼル,テラバースト,25.1
ゴチルゼル,サイコキネシス,19.3
ゴチルゼル,みがわり,14.0
ゴチルゼル,まもる,10.6
ゴチルゼル,１０まんボルト,7.6
シキジカ,こうごうせい,87.5
シキジカ,やどりぎのタネ,87.5
シキジカ,にほんばれ,87.5
シキジカ,でんじは,87.5
シキジカ,たいあたり,12.5
メブキジカ,しねんのずつき,63.3
メブキジカ,ずつき,62.8
メブキジカ,ウッドホーン,52.5
メブキジカ,じゃれつく,32.6
メブキジカ,でんじは,27.0
メブキジカ,くさわけ,25.6
メブキジカ,のしかかり,21.6
メブキジカ,つるぎのまい,17.6
メブキジカ,すてみタックル,16.4
メブキジカ,じだんだ,14.8
タマゲタケ,ソーラービーム,100.0
タマゲタケ,いかりのこな,100.0
タマゲタケ,キノコのほうし,100.0
タマゲタケ,どくどく,100.0
モロバレル,キノコのほうし,83.5
モロバレル,イカサマ,69.8
モロバレル,ギガドレイン,58.5
モロバレル,クリアスモッグ,48.6
モロバレル,こうごうせい,34.1
モロバレル,ヘドロばくだん,32.5
モロバレル,どくどく,19.7
モロバレル,リーフストーム,14.9
モロバレル,じだんだ,11.7
モロバレル,テラバースト,6.3
ママンボウ,ねがいごと,85.9
ママンボウ,まもる,69.4
ママンボウ,うずしお,59.6
ママンボウ,ひやみず,38.4
ママンボウ,ミラーコート,35.6
ママンボウ,バトンタッチ,27.7
ママンボウ,アクアジェット,17.3
ママンボウ,いやしのねがい,7.4
ママンボウ,アクアブレイク,6.8
ママンボウ,みずびたし,6.7
シビビール,チャージビーム,60.0
シビビール,ほうでん,53.3
シビビール,たいあたり,46.7
シビビール,スパーク,46.7
シビビール,でんじは,46.7
シビビール,ねごと,40.0
シビビール,とんぼがえり,40.0
シビビール,ねむる,40.0
シビビール,ようかいえき,13.3
シビビール,しめつける,13.3
シビルドン,かえんほうしゃ,47.0
シビルドン,ドレインパンチ,35.4
シビルドン,１０まんボルト,34.0
シビルドン,ボルトチェンジ,27.6
シビルドン,じだんだ,24.6
シビルドン,とぐろをまく,21.8
シビルドン,ギガドレイン,19.9
シビルドン,テラバースト,18.6
シビルドン,くさむすび,15.3
シビルドン,インファイト,14.9
キバゴ,ハサミギロチン,100.0
キバゴ,がむしゃら,100.0
キバゴ,カウンター,100.0
キバゴ,アイアンヘッド,100.0
オノンド,アイアンヘッド,78.5
オノンド,げきりん,76.3
オノンド,であいがしら,54.8
オノンド,けたぐり,46.2
オノンド,りゅうのまい,38.7
オノンド,じだんだ,30.1
オノンド,カウンター,15.1
オノンド,ハサミギロチン,15.1
オノンド,ドラゴンテール,8.6
オノンド,バークアウト,6.5
オノノクス,じしん,90.1
オノノクス,アイアンヘッド,73.3
オノノクス,りゅうのまい,66.2
オノノクス,げきりん,64.7
オノノクス,インファイト,21.9
オノノクス,であいがしら,19.7
オノノクス,ドラゴンクロー,16.4
オノノクス,テラバースト,13.8
オノノクス,ハサミギロチン,8.5
オノノクス,かみくだく,4.1
クマシュン,ねむる,83.3
クマシュン,ゆきげしき,83.3
クマシュン,ふぶき,50.0
クマシュン,あばれる,50.0
クマシュン,ぜったいれいど,50.0
クマシュン,ねごと,33.3
クマシュン,あくび,16.7
クマシュン,あまえる,16.7
クマシュン,こごえるかぜ,16.7
ツンベアー,つららおとし,82.7
ツンベアー,じしん,64.4
ツンベアー,アクアブレイク,57.3
ツンベアー,インファイト,49.9
ツンベアー,アクアジェット,33.7
ツンベアー,ばかぢから,17.8
ツンベアー,ぜったいれいど,12.2
ツンベアー,つるぎのまい,12.1
ツンベアー,アンコール,11.7
ツンベアー,テラバースト,7.9
フリージオ,フリーズドライ,85.5
フリージオ,ぜったいれいど,84.3
フリージオ,じこさいせい,77.8
フリージオ,とける,62.6
フリージオ,ラスターカノン,14.2
フリージオ,テラバースト,13.9
フリージオ,ひかりのかべ,8.2
フリージオ,みがわり,7.9
フリージオ,げんしのちから,6.9
フリージオ,こおりのつぶて,6.2
コマタナ,ステルスロック,100.0
コマタナ,でんじは,100.0
コマタナ,ふいうち,100.0
コマタナ,ハサミギロチン,100.0
キリキザン,アイアンヘッド,85.7
キリキザン,ふいうち,78.8
キリキザン,つるぎのまい,52.7
キリキザン,つじぎり,27.0
キリキザン,でんじは,22.7
キリキザン,ハサミギロチン,22.0
キリキザン,ステルスロック,20.1
キリキザン,かわらわり,19.6
キリキザン,ちょうはつ,15.0
キリキザン,テラバースト,13.0
ワシボン,ブレイブバード,87.5
ワシボン,インファイト,87.5
ワシボン,あばれる,75.0
ワシボン,おいかぜ,50.0
ワシボン,とんぼがえり,50.0
ワシボン,シャドークロー,25.0
ワシボン,つめとぎ,12.5
ワシボン,アクロバット,12.5
ウォーグル,インファイト,64.0
ウォーグル,ブレイブバード,58.3
ウォーグル,アイアンヘッド,42.7
ウォーグル,おいかぜ,28.2
ウォーグル,とんぼがえり,25.5
ウォーグル,のしかかり,22.6
ウォーグル,テラバースト,20.9
ウォーグル,ゴッドバード,20.0
ウォーグル,ビルドアップ,19.8
ウォーグル,アクロバット,19.5
モノズ,もろはのずつき,100.0
モノズ,かみくだく,100.0
モノズ,ほのおのキバ,100.0
モノズ,げきりん,100.0
ジヘッド,かみくだく,93.9
ジヘッド,げきりん,84.8
ジヘッド,もろはのずつき,75.8
ジヘッド,じだんだ,75.8
ジヘッド,テラバースト,19.7
ジヘッド,ドラゴンダイブ,15.2
ジヘッド,のしかかり,9.1
ジヘッド,ほえる,7.6
ジヘッド,ハイパーボイス,6.1
ジヘッド,りゅうのはどう,6.1
サザンドラ,あくのはどう,96.1
サザンドラ,ラスターカノン,65.9
サザンドラ,りゅうせいぐん,65.0
サザンドラ,だいもんじ,30.1
サザンドラ,かえんほうしゃ,19.5
サザンドラ,わるだくみ,18.3
サザンドラ,ちょうはつ,17.3
サザンドラ,みがわり,16.1
サザンドラ,テラバースト,14.2
サザンドラ,とんぼがえり,13.6
メラルバ,フレアドライブ,88.6
メラルバ,きゅうけつ,78.6
メラルバ,おにび,58.6
メラルバ,アクロバット,48.6
メラルバ,テラバースト,34.3
メラルバ,ワイルドボルト,30.0
メラルバ,むしくい,11.4
メラルバ,かえんぐるま,11.4
メラルバ,むしのていこう,11.4
メラルバ,ニトロチャージ,11.4
ウルガモス,ちょうのまい,93.3
ウルガモス,ほのおのまい,92.0
ウルガモス,ギガドレイン,56.3
ウルガモス,テラバースト,46.5
ウルガモス,むしのさざめき,37.7
ウルガモス,あさのひざし,29.6
ウルガモス,みがわり,11.1
ウルガモス,おにび,10.4
ウルガモス,オーバーヒート,5.0
ウルガモス,サイコキネシス,5.0
ヤヤコマ,おいかぜ,52.6
ヤヤコマ,じたばた,52.6
ヤヤコマ,つるぎのまい,52.6
ヤヤコマ,アクロバット,52.6
ヤヤコマ,でんこうせっか,47.4
ヤヤコマ,つつく,47.4
ヤヤコマ,なきごえ,47.4
ヒノヤコマ,じたばた,78.1
ヒノヤコマ,こうそくいどう,71.9
ヒノヤコマ,フェイント,71.9
ヒノヤコマ,アクロバット,71.9
ヒノヤコマ,でんこうせっか,28.1
ヒノヤコマ,なきごえ,21.9
ヒノヤコマ,ひのこ,21.9
ヒノヤコマ,つつく,21.9
ヒノヤコマ,おにび,6.3
ヒノヤコマ,おいかぜ,6.3
ファイアロー,ブレイブバード,55.8
ファイアロー,フレアドライブ,52.2
ファイアロー,ちょうはつ,40.8
ファイアロー,おにび,38.5
ファイアロー,はねやすめ,36.4
ファイアロー,とんぼがえり,36.3
ファイアロー,おいかぜ,27.7
ファイアロー,テラバースト,14.9
ファイアロー,ほのおのうず,13.9
ファイアロー,かえんほうしゃ,11.0
コフーライ,いとをはく,100.0
コフーライ,しびれごな,100.0
コフーライ,まもる,100.0
コフーライ,むしくい,97.0
コフーライ,たいあたり,3.0
ビビヨン,ねむりごな,99.6
ビビヨン,ぼうふう,97.8
ビビヨン,ちょうのまい,97.5
ビビヨン,みがわり,83.9
ビビヨン,むしのさざめき,6.9
ビビヨン,ギガドレイン,4.1
ビビヨン,テラバースト,2.7
ビビヨン,ドレインキッス,1.5
ビビヨン,エナジーボール,0.9
ビビヨン,エアスラッシュ,0.7
シシコ,あくび,100.0
シシコ,かえんほうしゃ,100.0
シシコ,にほんばれ,64.3
シシコ,ほのおのうず,64.3
シシコ,がむしゃら,35.7
シシコ,こらえる,35.7
カエンジシ,かえんほうしゃ,62.3
カエンジシ,あくのはどう,43.2
カエンジシ,おにび,40.6
カエンジシ,ハイパーボイス,40.5
カエンジシ,ちょうはつ,33.5
カエンジシ,あくび,32.1
カエンジシ,テラバースト,32.0
カエンジシ,オーバーヒート,18.9
カエンジシ,がむしゃら,16.9
カエンジシ,だいもんじ,16.8
フラベベ,ようせいのかぜ,100.0
フラベベ,ねがいごと,100.0
フラベベ,おいわい,100.0
フラベベ,マジカルリーフ,87.5
フラベベ,つるのムチ,12.5
フラエッテ,おいわい,85.7
フラエッテ,あまえる,85.7
フラエッテ,ねがいごと,85.7
フラエッテ,ドレインキッス,85.7
フラエッテ,ミストフィールド,14.3
フラエッテ,はなふぶき,14.3
フラエッテ,こうごうせい,14.3
フラエッテ,ムーンフォース,14.3
フラージェス,ムーンフォース,93.3
フラージェス,めいそう,56.3
フラージェス,こうごうせい,48.0
フラージェス,テラバースト,36.5
フラージェス,ギガドレイン,25.3
フラージェス,サイコキネシス,24.2
フラージェス,スキルスワップ,21.2
フラージェス,エナジーボール,18.9
フラージェス,トリック,17.5
フラージェス,ドレインキッス,8.4
メェークル,やどりぎのタネ,100.0
メェークル,こうごうせい,85.3
メェークル,ギガドレイン,52.9
メェークル,テラバースト,52.9
メェークル,どろかけ,32.4
メェークル,みがわり,32.4
メェークル,はっぱカッター,14.7
メェークル,つるのムチ,14.7
メェークル,しっぽをふる,14.7
ゴーゴート,ウッドホーン,56.9
ゴーゴート,じしん,51.6
ゴーゴート,ビルドアップ,50.3
ゴーゴート,テラバースト,44.8
ゴーゴート,なみのり,28.5
ゴーゴート,くさむすび,23.6
ゴーゴート,エナジーボール,22.8
ゴーゴート,じゃれつく,21.6
ゴーゴート,やどりぎのタネ,17.1
ゴーゴート,ミルクのみ,12.4
クズモー,ハイドロポンプ,50.0
クズモー,１０まんボルト,42.9
クズモー,ヘドロばくだん,42.9
クズモー,りゅうのはどう,42.9
クズモー,なみのり,28.6
クズモー,とける,21.4
クズモー,たつまき,21.4
クズモー,ドラゴンテール,21.4
クズモー,くろいきり,21.4
ドラミドロ,ヘドロばくだん,92.8
ドラミドロ,りゅうせいぐん,75.8
ドラミドロ,なみのり,38.7
ドラミドロ,１０まんボルト,34.9
ドラミドロ,りゅうのはどう,30.8
ドラミドロ,テラバースト,25.8
ドラミドロ,ハイドロポンプ,25.0
ドラミドロ,どくどく,13.0
ドラミドロ,きあいだま,12.9
ドラミドロ,シャドーボール,12.7
ブロスター,はどうだん,97.2
ブロスター,あくのはどう,90.8
ブロスター,みずのはどう,89.3
ブロスター,アクアジェット,55.7
ブロスター,りゅうのはどう,44.2
ブロスター,れいとうビーム,9.4
ブロスター,ハイドロポンプ,4.4
ブロスター,ヘドロばくだん,3.2
ブロスター,テラバースト,2.7
ブロスター,こごえるかぜ,1.0
ニンフィア,ハイパーボイス,91.1
ニンフィア,テラバースト,80.3
ニンフィア,でんこうせっか,64.1
ニンフィア,シャドーボール,44.3
ニンフィア,あくび,26.5
ニンフィア,サイコショック,25.2
ニンフィア,めいそう,16.3
ニンフィア,まもる,8.8
ニンフィア,みがわり,6.8
ニンフィア,はかいこうせん,6.2
ルチャブル,アクロバット,74.0
ルチャブル,アンコール,62.4
ルチャブル,ゴッドバード,48.1
ルチャブル,つるぎのまい,35.9
ルチャブル,ビルドアップ,34.9
ルチャブル,インファイト,26.6
ルチャブル,とびひざげり,13.2
ルチャブル,ブレイブバード,12.6
ルチャブル,フライングプレス,11.9
ルチャブル,ちょうはつ,10.8
デデンネ,ほっぺすりすり,84.5
デデンネ,あまえる,69.5
デデンネ,いかりのまえば,52.6
デデンネ,かいでんぱ,42.1
デデンネ,マジカルシャイン,34.8
デデンネ,ボルトチェンジ,31.6
デデンネ,くさむすび,13.3
デデンネ,１０まんボルト,12.5
デデンネ,パラボラチャージ,8.5
デデンネ,テラバースト,7.4
ヌメラ,まもる,75.0
ヌメラ,カウンター,58.3
ヌメラ,りゅうのはどう,33.3
ヌメラ,みずでっぽう,33.3
ヌメラ,りゅうのいぶき,33.3
ヌメラ,じたばた,33.3
ヌメラ,のしかかり,25.0
ヌメラ,ヘドロばくだん,25.0
ヌメラ,いのちのしずく,16.7
ヌメラ,りゅうせいぐん,16.7
ヌメイル,とける,85.5
ヌメイル,アシッドボム,59.7
ヌメイル,れいとうビーム,30.6
ヌメイル,ねむる,29.0
ヌメイル,すいとる,19.4
ヌメイル,カウンター,19.4
ヌメイル,ひやみず,17.7
ヌメイル,ヘドロばくだん,17.7
ヌメイル,りゅうのいぶき,16.1
ヌメイル,いのちのしずく,16.1
ヌメルゴン,アシッドボム,60.6
ヌメルゴン,かえんほうしゃ,54.7
ヌメルゴン,りゅうせいぐん,40.5
ヌメルゴン,なみのり,36.6
ヌメルゴン,りゅうのはどう,31.9
ヌメルゴン,１０まんボルト,29.0
ヌメルゴン,テラバースト,25.0
ヌメルゴン,ヘドロばくだん,22.8
ヌメルゴン,だいもんじ,19.0
ヌメルゴン,れいとうビーム,16.6
クレッフィ,リフレクター,75.9
クレッフィ,ひかりのかべ,74.4
クレッフィ,てっていこうせん,60.6
クレッフィ,でんじは,46.5
クレッフィ,まきびし,18.4
クレッフィ,イカサマ,17.5
クレッフィ,マジカルシャイン,13.0
クレッフィ,ドレインキッス,13.0
クレッフィ,すりかえ,10.3
クレッフィ,めいそう,9.3
カチコール,じこさいせい,100.0
カチコール,ミラーコート,90.3
カチコール,がんせきふうじ,56.5
カチコール,こうそくスピン,56.5
カチコール,ゆきなだれ,27.4
カチコール,のろい,27.4
カチコール,かみくだく,16.1
カチコール,てっぺき,16.1
カチコール,とっしん,9.7
クレベース,ボディプレス,93.4
クレベース,じこさいせい,91.4
クレベース,てっぺき,82.2
クレベース,つららおとし,32.9
クレベース,ゆきなだれ,32.6
クレベース,ミラーコート,19.1
クレベース,じしん,12.2
クレベース,アイススピナー,12.1
クレベース,ヘビーボンバー,6.4
クレベース,のろい,4.7
オンバット,おいかぜ,100.0
オンバット,エアスラッシュ,100.0
オンバット,りゅうせいぐん,91.3
オンバット,いかりのまえば,73.9
オンバット,はねやすめ,17.4
オンバット,にほんばれ,8.7
オンバット,ちょうはつ,8.7
オンバーン,かえんほうしゃ,63.9
オンバーン,ばくおんぱ,60.0
オンバーン,りゅうせいぐん,57.9
オンバーン,エアスラッシュ,45.3
オンバーン,とんぼがえり,33.3
オンバーン,ちょうはつ,30.8
オンバーン,りゅうのはどう,27.7
オンバーン,ぼうふう,15.2
オンバーン,ねっぷう,11.9
オンバーン,いかりのまえば,9.2
ヤングース,あくび,84.6
ヤングース,とっておき,84.6
ヤングース,たいあたり,15.4
デカグース,あくび,55.5
デカグース,じしん,51.7
デカグース,かみくだく,40.5
デカグース,あばれる,34.9
デカグース,とっておき,28.3
デカグース,のしかかり,25.3
デカグース,サイコファング,23.5
デカグース,れいとうパンチ,16.3
デカグース,ちょうはつ,9.6
デカグース,とんぼがえり,6.4
マケンカニ,いわくだき,100.0
マケンカニ,バブルこうせん,100.0
マケンカニ,まもる,100.0
マケンカニ,にらみつける,100.0
ケケンカニ,アイスハンマー,92.5
ケケンカニ,ドレインパンチ,86.6
ケケンカニ,かみなりパンチ,44.6
ケケンカニ,ビルドアップ,37.2
ケケンカニ,じしん,28.0
ケケンカニ,クラブハンマー,25.5
ケケンカニ,インファイト,21.2
ケケンカニ,れいとうパンチ,12.3
ケケンカニ,アクアブレイク,12.1
ケケンカニ,テラバースト,9.9
オドリドリ(めらめら),めざめるダンス,99.5
オドリドリ(めらめら),ちょうのまい,92.1
オドリドリ(めらめら),エアスラッシュ,48.7
オドリドリ(めらめら),バトンタッチ,45.3
オドリドリ(めらめら),はねやすめ,39.4
オドリドリ(めらめら),フェザーダンス,20.1
オドリドリ(めらめら),ぼうふう,13.3
オドリドリ(めらめら),こごえるかぜ,12.2
オドリドリ(めらめら),ちょうはつ,10.0
オドリドリ(めらめら),メロメロ,4.2
オドリドリ(ぱちぱち),ちょうのまい,99.3
オドリドリ(ぱちぱち),めざめるダンス,93.1
オドリドリ(ぱちぱち),はねやすめ,50.2
オドリドリ(ぱちぱち),バトンタッチ,46.5
オドリドリ(ぱちぱち),エアスラッシュ,40.5
オドリドリ(ぱちぱち),ちょうはつ,24.5
オドリドリ(ぱちぱち),フェザーダンス,22.3
オドリドリ(ぱちぱち),ぼうふう,6.4
オドリドリ(ぱちぱち),みがわり,5.3
オドリドリ(ぱちぱち),あまえる,3.8
オドリドリ(ふらふら),ちょうのまい,95.8
オドリドリ(ふらふら),めざめるダンス,94.4
オドリドリ(ふらふら),フェザーダンス,72.9
オドリドリ(ふらふら),バトンタッチ,54.2
オドリドリ(ふらふら),はねやすめ,31.3
オドリドリ(ふらふら),ぼうふう,20.1
オドリドリ(ふらふら),エアスラッシュ,8.3
オドリドリ(ふらふら),きしかいせい,4.2
オドリドリ(ふらふら),ちょうはつ,4.2
オドリドリ(ふらふら),みがわり,4.2
オドリドリ(まいまい),ちょうのまい,90.5
オドリドリ(まいまい),めざめるダンス,86.3
オドリドリ(まいまい),エアスラッシュ,47.9
オドリドリ(まいまい),はねやすめ,40.4
オドリドリ(まいまい),バトンタッチ,34.3
オドリドリ(まいまい),ぼうふう,22.8
オドリドリ(まいまい),ちょうはつ,16.5
オドリドリ(まいまい),フェザーダンス,11.8
オドリドリ(まいまい),みがわり,10.9
オドリドリ(まいまい),あまえる,9.4
ルガルガン(まひる),アクセルロック,70.5
ルガルガン(まひる),ステルスロック,50.4
ルガルガン(まひる),インファイト,41.9
ルガルガン(まひる),がむしゃら,36.3
ルガルガン(まひる),ちょうはつ,27.7
ルガルガン(まひる),じゃれつく,24.5
ルガルガン(まひる),がんせきふうじ,23.9
ルガルガン(まひる),ドリルライナー,18.3
ルガルガン(まひる),ストーンエッジ,16.9
ルガルガン(まひる),つるぎのまい,14.3
ルガルガン(まよなか),ストーンエッジ,61.5
ルガルガン(まよなか),カウンター,53.7
ルガルガン(まよなか),ステルスロック,36.8
ルガルガン(まよなか),がんせきふうじ,27.8
ルガルガン(まよなか),きしかいせい,26.9
ルガルガン(まよなか),ちょうはつ,26.5
ルガルガン(まよなか),じゃれつく,24.3
ルガルガン(まよなか),がむしゃら,23.5
ルガルガン(まよなか),インファイト,22.5
ルガルガン(まよなか),ほえる,20.1
ルガルガン(たそがれ),アクセルロック,95.3
ルガルガン(たそがれ),インファイト,54.2
ルガルガン(たそがれ),じゃれつく,37.6
ルガルガン(たそがれ),ステルスロック,30.6
ルガルガン(たそがれ),ドリルライナー,26.9
ルガルガン(たそがれ),カウンター,19.2
ルガルガン(たそがれ),ふいうち,18.2
ルガルガン(たそがれ),ちょうはつ,16.6
ルガルガン(たそがれ),かみくだく,15.8
ルガルガン(たそがれ),がむしゃら,13.0
ヒドイデ,かみつく,50.0
ヒドイデ,ワイドガード,50.0
ヒドイデ,のみこむ,50.0
ヒドイデ,つつく,50.0
ヒドイデ,くろいきり,50.0
ヒドイデ,はきだす,50.0
ヒドイデ,ベノムショック,50.0
ヒドイデ,たくわえる,50.0
ドヒドイデ,じこさいせい,96.2
ドヒドイデ,どくどく,88.2
ドヒドイデ,トーチカ,61.2
ドヒドイデ,どくびし,33.6
ドヒドイデ,ひやみず,32.7
ドヒドイデ,くろいきり,32.4
ドヒドイデ,まとわりつく,20.8
ドヒドイデ,まもる,8.4
ドヒドイデ,アクアブレイク,6.0
ドヒドイデ,ベノムショック,3.5
ドロバンコ,ほえる,100.0
ドロバンコ,ステルスロック,100.0
ドロバンコ,じしん,100.0
ドロバンコ,ヘビーボンバー,100.0
バンバドロ,ボディプレス,93.3
バンバドロ,じしん,88.6
バンバドロ,ステルスロック,81.8
バンバドロ,ほえる,76.1
バンバドロ,ヘビーボンバー,15.3
バンバドロ,ねむる,12.0
バンバドロ,てっぺき,9.1
バンバドロ,じわれ,4.1
バンバドロ,がんせきふうじ,3.7
バンバドロ,ねごと,2.7
ラランテス,リーフストーム,98.2
ラランテス,テラバースト,73.6
ラランテス,ギガドレイン,41.4
ラランテス,こうごうせい,40.4
ラランテス,かふんだんご,33.5
ラランテス,なやみのタネ,25.8
ラランテス,ねごと,13.1
ラランテス,かわらわり,11.8
ラランテス,はかいこうせん,6.8
ラランテス,つじぎり,3.8
ヤトウモリ,どろかけ,75.0
ヤトウモリ,ねこだまし,62.5
ヤトウモリ,ゲップ,56.3
ヤトウモリ,すなかけ,56.3
ヤトウモリ,かえんほうしゃ,43.8
ヤトウモリ,どくどく,25.0
ヤトウモリ,でんじは,18.8
ヤトウモリ,がむしゃら,18.8
ヤトウモリ,ちょうはつ,18.8
ヤトウモリ,こらえる,18.8
エンニュート,どくどく,70.8
エンニュート,かえんほうしゃ,54.5
エンニュート,アンコール,45.2
エンニュート,みがわり,38.8
エンニュート,かなしばり,30.3
エンニュート,ヘドロばくだん,22.5
エンニュート,オーバーヒート,18.1
エンニュート,まもる,16.5
エンニュート,がむしゃら,13.5
エンニュート,ベノムショック,9.2
アマカジ,はねる,88.9
アマカジ,がむしゃら,11.1
アマカジ,つぼをつく,11.1
アマカジ,こうごうせい,11.1
アマカジ,マジカルリーフ,11.1
アママイコ,テラバースト,100.0
アママイコ,あまえる,100.0
アママイコ,タネばくだん,100.0
アママイコ,フラフラダンス,100.0
アマージョ,とびひざげり,71.1
アマージョ,じゃれつく,58.2
アマージョ,トロピカルキック,54.8
アマージョ,テラバースト,40.7
アマージョ,パワーウィップ,39.4
アマージョ,くさわけ,30.4
アマージョ,とんぼがえり,21.9
アマージョ,こうごうせい,20.0
アマージョ,ちょうはつ,14.0
アマージョ,こうそくスピン,10.3
ヤレユータン,サイコキネシス,48.6
ヤレユータン,イカサマ,38.8
ヤレユータン,きあいだま,34.8
ヤレユータン,トリックルーム,31.2
ヤレユータン,リフレクター,30.1
ヤレユータン,１０まんボルト,29.7
ヤレユータン,ひかりのかべ,27.5
ヤレユータン,アンコール,20.3
ヤレユータン,あくび,19.9
ヤレユータン,はかいこうせん,18.1
ナゲツケサル,はたきおとす,60.2
ナゲツケサル,インファイト,59.1
ナゲツケサル,アイアンヘッド,37.6
ナゲツケサル,とんぼがえり,35.5
ナゲツケサル,じしん,28.3
ナゲツケサル,ドレインパンチ,26.3
ナゲツケサル,くさわけ,25.2
ナゲツケサル,いわなだれ,15.2
ナゲツケサル,ビルドアップ,12.9
ナゲツケサル,きしかいせい,12.5
スナバァ,のろい,100.0
スナバァ,たくわえる,100.0
スナバァ,みちづれ,100.0
スナバァ,のみこむ,100.0
シロデスナ,すなあつめ,76.7
シロデスナ,だいちのちから,59.1
シロデスナ,シャドーボール,57.9
シロデスナ,ギガドレイン,36.2
シロデスナ,のろい,29.5
シロデスナ,てっぺき,18.5
シロデスナ,すなじごく,16.2
シロデスナ,ステルスロック,14.6
シロデスナ,ヘドロばくだん,12.3
シロデスナ,すなあらし,9.5
ネッコアラ,じしん,61.5
ネッコアラ,ふいうち,60.2
ネッコアラ,アイススピナー,49.0
ネッコアラ,うたう,33.1
ネッコアラ,つるぎのまい,32.4
ネッコアラ,こうそくスピン,21.8
ネッコアラ,なげつける,18.7
ネッコアラ,あくび,17.3
ネッコアラ,じゃれつく,16.0
ネッコアラ,のしかかり,13.9
ミミッキュ,じゃれつく,91.1
ミミッキュ,かげうち,86.7
ミミッキュ,つるぎのまい,67.9
ミミッキュ,シャドークロー,55.7
ミミッキュ,ドレインパンチ,28.2
ミミッキュ,のろい,18.6
ミミッキュ,いたみわけ,7.5
ミミッキュ,みがわり,7.1
ミミッキュ,みちづれ,5.7
ミミッキュ,トリック,5.3
ハギギシリ,サイコファング,97.1
ハギギシリ,かみくだく,72.6
ハギギシリ,こおりのキバ,64.1
ハギギシリ,ウェーブタックル,52.0
ハギギシリ,アクアジェット,50.0
ハギギシリ,どくどくのキバ,14.4
ハギギシリ,アクアブレイク,11.5
ハギギシリ,つるぎのまい,8.4
ハギギシリ,テラバースト,8.3
ハギギシリ,トリックルーム,3.4
ヨクバリス,ボディプレス,51.3
ヨクバリス,じしん,43.9
ヨクバリス,のしかかり,38.2
ヨクバリス,はらだいこ,33.1
ヨクバリス,カウンター,32.5
ヨクバリス,ほおばる,31.0
ヨクバリス,かみくだく,26.7
ヨクバリス,どろぼう,25.5
ヨクバリス,たくわえる,22.0
ヨクバリス,いかりのまえば,20.1
ココガラ,つめとぎ,100.0
ココガラ,みだれづき,100.0
ココガラ,ついばむ,100.0
ココガラ,つけあがる,100.0
アーマーガア,はねやすめ,97.2
アーマーガア,ボディプレス,82.9
アーマーガア,てっぺき,68.5
アーマーガア,とんぼがえり,50.3
アーマーガア,ちょうはつ,46.4
アーマーガア,アイアンヘッド,17.3
アーマーガア,ブレイブバード,15.8
アーマーガア,ドリルくちばし,6.9
アーマーガア,ビルドアップ,5.0
アーマーガア,つけあがる,4.2
カムカメ,あまごい,100.0
カムカメ,カウンター,100.0
カムカメ,いえき,100.0
カムカメ,アクアブレイク,100.0
カジリガメ,アクアブレイク,67.4
カジリガメ,からをやぶる,64.3
カジリガメ,ロックブラスト,44.2
カジリガメ,じしん,34.5
カジリガメ,こおりのキバ,24.8
カジリガメ,アイススピナー,24.5
カジリガメ,もろはのずつき,22.6
カジリガメ,かみくだく,21.5
カジリガメ,くらいつく,16.0
カジリガメ,たきのぼり,10.1
トロッゴン,ステルスロック,71.9
トロッゴン,おにび,49.1
トロッゴン,ほのおのうず,40.4
トロッゴン,ボディプレス,37.7
トロッゴン,てっぺき,37.7
トロッゴン,こうそくスピン,22.8
トロッゴン,えんまく,17.5
トロッゴン,フレアドライブ,17.5
トロッゴン,ヘビーボンバー,17.5
トロッゴン,にほんばれ,17.5
セキタンザン,ステルスロック,34.3
セキタンザン,かえんほうしゃ,32.1
セキタンザン,ボディプレス,29.9
セキタンザン,テラバースト,28.7
セキタンザン,パワージェム,28.5
セキタンザン,ロックブラスト,26.8
セキタンザン,おにび,26.2
セキタンザン,てっぺき,19.5
セキタンザン,じしん,18.9
セキタンザン,ヒートスタンプ,16.7
カジッチュ,からにこもる,100.0
カジッチュ,おどろかす,100.0
アップリュー,Ｇのちから,84.5
アップリュー,ふいうち,55.5
アップリュー,りゅうのまい,44.3
アップリュー,テラバースト,42.8
アップリュー,ドラゴンダイブ,38.2
アップリュー,げきりん,37.9
アップリュー,とんぼがえり,20.1
アップリュー,つばめがえし,12.4
アップリュー,タネマシンガン,12.1
アップリュー,くさわけ,8.5
タルップル,りんごさん,91.1
タルップル,じこさいせい,77.1
タルップル,やどりぎのタネ,60.3
タルップル,てっぺき,47.8
タルップル,りゅうせいぐん,20.6
タルップル,ボディプレス,19.7
タルップル,みがわり,12.2
タルップル,リサイクル,11.9
タルップル,ドわすれ,11.8
タルップル,テラバースト,10.5
スナヘビ,まきつく,100.0
スナヘビ,すなかけ,100.0
スナヘビ,ちいさくなる,100.0
スナヘビ,ステルスロック,100.0
サダイジャ,へびにらみ,81.8
サダイジャ,ステルスロック,61.9
サダイジャ,じしん,38.7
サダイジャ,がんせきふうじ,32.5
サダイジャ,ちいさくなる,32.1
サダイジャ,ボディプレス,27.6
サダイジャ,すなじごく,23.9
サダイジャ,じならし,18.6
サダイジャ,とぐろをまく,12.6
サダイジャ,まきつく,8.1
サシカマス,ドリルライナー,66.7
サシカマス,インファイト,66.7
サシカマス,かみくだく,66.7
サシカマス,アクアブレイク,66.7
サシカマス,こうそくいどう,33.3
サシカマス,かみつく,33.3
サシカマス,みだれづき,33.3
サシカマス,アクアジェット,33.3
カマスジョー,インファイト,88.3
カマスジョー,アクアブレイク,80.2
カマスジョー,アクアジェット,55.4
カマスジョー,じごくづき,37.3
カマスジョー,サイコファング,26.1
カマスジョー,こおりのキバ,22.2
カマスジョー,どくづき,21.4
カマスジョー,かみくだく,20.8
カマスジョー,ドリルライナー,15.5
カマスジョー,たきのぼり,14.4
エレズン,ゲップ,100.0
エレズン,なみだめ,100.0
エレズン,ほっぺすりすり,100.0
エレズン,じたばた,100.0
ストリンダー(ハイ),ばくおんぱ,95.1
ストリンダー(ハイ),オーバードライブ,85.0
ストリンダー(ハイ),ほっぺすりすり,74.1
ストリンダー(ハイ),たたりめ,49.6
ストリンダー(ハイ),ボルトチェンジ,17.4
ストリンダー(ハイ),ヘドロばくだん,14.0
ストリンダー(ハイ),ギアチェンジ,13.0
ストリンダー(ハイ),アシッドボム,11.9
ストリンダー(ハイ),バークアウト,8.9
ストリンダー(ハイ),アンコール,6.9
ストリンダー(ロー),ばくおんぱ,92.8
ストリンダー(ロー),オーバードライブ,84.1
ストリンダー(ロー),ほっぺすりすり,76.1
ストリンダー(ロー),たたりめ,48.3
ストリンダー(ロー),ボルトチェンジ,23.6
ストリンダー(ロー),ヘドロばくだん,18.9
ストリンダー(ロー),アシッドボム,15.9
ストリンダー(ロー),バークアウト,8.4
ストリンダー(ロー),どくどく,6.0
ストリンダー(ロー),みがわり,4.7
ヤバチャ,あまいかおり,46.2
ヤバチャ,アシストパワー,46.2
ヤバチャ,からをやぶる,46.2
ヤバチャ,あくのはどう,46.2
ヤバチャ,ギガドレイン,46.2
ヤバチャ,ふいうち,46.2
ヤバチャ,シャドーボール,46.2
ヤバチャ,わるだくみ,38.5
ヤバチャ,サイドチェンジ,7.7
ヤバチャ,からにこもる,7.7
ポットデス,からをやぶる,81.9
ポットデス,アシストパワー,72.3
ポットデス,シャドーボール,67.3
ポットデス,テラバースト,45.2
ポットデス,ちからをすいとる,37.4
ポットデス,バトンタッチ,26.5
ポットデス,みがわり,16.3
ポットデス,めいそう,15.7
ポットデス,ふいうち,9.5
ポットデス,ギガドレイン,7.1
ミブリム,さきおくり,66.7
ミブリム,ほっぺすりすり,66.7
ミブリム,おさきにどうぞ,66.7
ミブリム,マジカルフレイム,66.7
ミブリム,なかよくする,33.3
ミブリム,ねんりき,33.3
テブリム,ほっぺすりすり,72.0
テブリム,めいそう,52.4
テブリム,いやしのねがい,47.2
テブリム,バトンタッチ,37.4
テブリム,トリックルーム,37.3
テブリム,マジカルフレイム,23.9
テブリム,リフレクター,22.5
テブリム,ギガドレイン,20.0
テブリム,サイコキネシス,17.0
テブリム,ひかりのかべ,16.3
ブリムオン,マジカルシャイン,81.5
ブリムオン,トリックルーム,75.2
ブリムオン,マジカルフレイム,67.2
ブリムオン,サイコキネシス,54.8
ブリムオン,サイコショック,24.9
ブリムオン,ギガドレイン,17.6
ブリムオン,ドレインキッス,11.9
ブリムオン,いやしのねがい,10.8
ブリムオン,シャドーボール,9.3
ブリムオン,ほっぺすりすり,9.1
ベロバー,ひかりのかべ,83.3
ベロバー,リフレクター,83.3
ベロバー,いばる,58.3
ベロバー,イカサマ,58.3
ベロバー,ねこだまし,37.5
ベロバー,すてゼリフ,20.8
ベロバー,ちょうはつ,12.5
ベロバー,ふいうち,8.3
ベロバー,トリック,8.3
ベロバー,ないしょばなし,8.3
ギモー,ひかりのかべ,94.6
ギモー,イカサマ,84.9
ギモー,リフレクター,68.8
ギモー,でんじは,67.7
ギモー,すてゼリフ,32.3
ギモー,ちょうはつ,29.0
ギモー,うそなき,5.4
ギモー,ドレインキッス,5.4
ギモー,ねこだまし,5.4
ギモー,ふいうち,5.4
オーロンゲ,ソウルクラッシュ,74.3
オーロンゲ,リフレクター,70.8
オーロンゲ,ひかりのかべ,67.8
オーロンゲ,すてゼリフ,49.4
オーロンゲ,ちょうはつ,44.1
オーロンゲ,ふいうち,19.1
オーロンゲ,でんじは,18.5
オーロンゲ,トリック,15.4
オーロンゲ,イカサマ,8.6
オーロンゲ,じゃれつく,6.0
タイレーツ,はいすいのじん,96.3
タイレーツ,インファイト,67.0
タイレーツ,アイアンヘッド,54.5
タイレーツ,テラバースト,36.2
タイレーツ,かわらわり,32.3
タイレーツ,いわなだれ,28.6
タイレーツ,であいがしら,26.0
タイレーツ,どくづき,10.5
タイレーツ,メガホーン,10.0
タイレーツ,スマートホーン,9.2
バチンウニ,おきみやげ,81.2
バチンウニ,ふいうち,47.5
バチンウニ,びりびりちくちく,46.6
バチンウニ,どくびし,34.9
バチンウニ,でんじは,31.8
バチンウニ,まきびし,29.0
バチンウニ,ひやみず,25.6
バチンウニ,ほうでん,13.5
バチンウニ,なみのり,11.8
バチンウニ,どくづき,11.1
モスノウ,ちょうのまい,91.8
モスノウ,テラバースト,86.4
モスノウ,れいとうビーム,74.0
モスノウ,ギガドレイン,42.4
モスノウ,むしのさざめき,41.0
モスノウ,みがわり,31.7
モスノウ,ふぶき,12.9
モスノウ,ぼうふう,2.4
モスノウ,まとわりつく,2.4
モスノウ,こごえるかぜ,1.8
イシヘンジン,じしん,57.7
イシヘンジン,じゅうりょく,42.1
イシヘンジン,ステルスロック,40.5
イシヘンジン,がんせきふうじ,39.8
イシヘンジン,ボディプレス,38.0
イシヘンジン,ロックブラスト,37.8
イシヘンジン,ヘビーボンバー,30.0
イシヘンジン,てっぺき,25.9
イシヘンジン,ストーンエッジ,24.7
イシヘンジン,ロックカット,16.2
コオリッポ,ゆきげしき,55.6
コオリッポ,はらだいこ,50.0
コオリッポ,アイススピナー,35.4
コオリッポ,オーロラベール,33.9
コオリッポ,テラバースト,24.8
コオリッポ,アクアブレイク,24.5
コオリッポ,つららおとし,23.7
コオリッポ,フリーズドライ,21.8
コオリッポ,ひやみず,18.1
コオリッポ,アイアンヘッド,14.7
イエッサン♂,サイコキネシス,94.3
イエッサン♂,いやしのねがい,46.8
イエッサン♂,マジカルシャイン,40.8
イエッサン♂,アンコール,40.5
イエッサン♂,トリックルーム,35.2
イエッサン♂,シャドーボール,34.6
イエッサン♂,トリック,30.8
イエッサン♂,テラバースト,17.5
イエッサン♂,サイコショック,16.7
イエッサン♂,スキルスワップ,11.9
イエッサン♀,サイコキネシス,85.7
イエッサン♀,いやしのねがい,77.2
イエッサン♀,リフレクター,49.7
イエッサン♀,トリック,39.1
イエッサン♀,トリックルーム,37.1
イエッサン♀,バトンタッチ,22.4
イエッサン♀,マジカルシャイン,19.6
イエッサン♀,ひかりのかべ,15.0
イエッサン♀,シャドーボール,10.5
イエッサン♀,めいそう,7.6
ゾウドウ,じゃれつく,36.7
ゾウドウ,アイアンヘッド,36.7
ゾウドウ,のろい,36.7
ゾウドウ,てっぺき,36.7
ゾウドウ,ふきとばし,30.6
ゾウドウ,じわれ,30.6
ゾウドウ,ステルスロック,30.6
ゾウドウ,ころがる,28.6
ゾウドウ,いわくだき,28.6
ゾウドウ,じならし,28.6
ダイオウドウ,じゃれつく,86.7
ダイオウドウ,アイアンヘッド,82.3
ダイオウドウ,じしん,44.0
ダイオウドウ,いわなだれ,32.5
ダイオウドウ,ばかぢから,26.3
ダイオウドウ,ヘビーボンバー,18.6
ダイオウドウ,しねんのずつき,13.5
ダイオウドウ,かわらわり,11.5
ダイオウドウ,テラバースト,10.3
ダイオウドウ,１０まんばりき,10.2
ドラメシヤ,でんこうせっか,90.0
ドラメシヤ,まとわりつく,90.0
ドラメシヤ,おどろかす,70.0
ドラメシヤ,かみつく,70.0
ドラメシヤ,まもる,30.0
ドラメシヤ,のろい,30.0
ドラメシヤ,でんじは,10.0
ドラメシヤ,バトンタッチ,10.0
ドロンチ,おにび,60.7
ドロンチ,りゅうのまい,50.0
ドロンチ,のろい,50.0
ドロンチ,ひかりのかべ,50.0
ドロンチ,バトンタッチ,46.4
ドロンチ,でんじは,46.4
ドロンチ,リフレクター,35.7
ドロンチ,シャドーボール,35.7
ドロンチ,たたりめ,14.3
ドロンチ,とんぼがえり,3.6
ドラパルト,ドラゴンアロー,63.8
ドラパルト,とんぼがえり,42.1
ドラパルト,テラバースト,34.8
ドラパルト,シャドーボール,33.7
ドラパルト,ふいうち,28.2
ドラパルト,りゅうせいぐん,25.7
ドラパルト,ゴーストダイブ,20.5
ドラパルト,おにび,17.0
ドラパルト,１０まんボルト,16.4
ドラパルト,かえんほうしゃ,14.8
ニャオハ,ふいうち,44.8
ニャオハ,このは,43.7
ニャオハ,しっぽをふる,43.7
ニャオハ,ひっかく,43.7
ニャオハ,まねっこ,37.9
ニャオハ,サイドチェンジ,26.4
ニャオハ,やどりぎのタネ,26.4
ニャオハ,とんぼがえり,18.4
ニャオハ,じゃれつく,18.4
ニャオハ,タネマシンガン,14.9
ニャローテ,やどりぎのタネ,68.4
ニャローテ,まもる,43.8
ニャローテ,とんぼがえり,33.2
ニャローテ,じゃれつく,33.2
ニャローテ,ちょうはつ,30.9
ニャローテ,ふいうち,29.9
ニャローテ,どろかけ,17.1
ニャローテ,あまえる,17.1
ニャローテ,みがわり,16.1
ニャローテ,エナジーボール,13.8
マスカーニャ,トリックフラワー,94.4
マスカーニャ,はたきおとす,86.6
マスカーニャ,とんぼがえり,57.5
マスカーニャ,じゃれつく,48.3
マスカーニャ,ふいうち,35.1
マスカーニャ,けたぐり,21.5
マスカーニャ,トリック,16.4
マスカーニャ,ちょうはつ,8.2
マスカーニャ,かわらわり,6.8
マスカーニャ,どくびし,5.2
ホゲータ,おにび,46.2
ホゲータ,あくび,43.7
ホゲータ,なまける,38.7
ホゲータ,ひのこ,37.8
ホゲータ,かえんほうしゃ,31.9
ホゲータ,にらみつける,27.7
ホゲータ,ほのおのうず,26.9
ホゲータ,たいあたり,25.2
ホゲータ,アンコール,24.4
ホゲータ,やきつくす,14.3
アチゲータ,なまける,98.2
アチゲータ,ほのおのうず,66.2
アチゲータ,あくび,58.2
アチゲータ,おにび,53.0
アチゲータ,アンコール,46.8
アチゲータ,かえんほうしゃ,30.1
アチゲータ,ほえる,20.0
アチゲータ,バークアウト,9.1
アチゲータ,まもる,5.0
アチゲータ,テラバースト,3.7
ラウドボーン,フレアソング,99.7
ラウドボーン,なまける,86.5
ラウドボーン,おにび,58.7
ラウドボーン,たたりめ,37.9
ラウドボーン,シャドーボール,34.0
ラウドボーン,テラバースト,22.5
ラウドボーン,あくび,15.6
ラウドボーン,だいちのちから,12.7
ラウドボーン,うたう,11.1
ラウドボーン,みがわり,6.4
クワッス,なきごえ,96.4
クワッス,みずでっぽう,96.4
クワッス,はたく,89.3
クワッス,はねやすめ,7.1
クワッス,こうそくスピン,7.1
クワッス,アクアブレイク,3.6
クワッス,アクアジェット,3.6
クワッス,きあいだめ,3.6
クワッス,アクロバット,3.6
ウェルカモ,アクアブレイク,86.4
ウェルカモ,はたく,72.7
ウェルカモ,バトンタッチ,72.7
ウェルカモ,なきごえ,72.7
ウェルカモ,アクアジェット,27.3
ウェルカモ,アンコール,13.6
ウェルカモ,はねやすめ,13.6
ウェルカモ,アクアカッター,13.6
ウェルカモ,けたぐり,13.6
ウェルカモ,きあいだめ,13.6
ウェーニバル,アクアステップ,98.1
ウェーニバル,インファイト,73.6
ウェーニバル,アイススピナー,60.1
ウェーニバル,アクアジェット,39.1
ウェーニバル,はねやすめ,17.0
ウェーニバル,アンコール,16.5
ウェーニバル,ビルドアップ,15.4
ウェーニバル,テラバースト,12.6
ウェーニバル,つるぎのまい,12.1
ウェーニバル,バトンタッチ,9.1
グルトン,チャームボイス,51.6
グルトン,あくび,41.9
グルトン,じならし,38.7
グルトン,がむしゃら,38.7
グルトン,くさわけ,38.7
グルトン,エコーボイス,29.0
グルトン,のしかかり,22.6
グルトン,ひやみず,22.6
グルトン,タネマシンガン,22.6
グルトン,マッドショット,19.4
パフュートン♂,ボディプレス,63.1
パフュートン♂,ほおばる,50.5
パフュートン♂,あくび,50.2
パフュートン♂,たくわえる,26.7
パフュートン♂,どろぼう,25.8
パフュートン♂,じゃれつく,25.0
パフュートン♂,じならし,23.1
パフュートン♂,アイアンヘッド,22.0
パフュートン♂,じだんだ,17.8
パフュートン♂,すてみタックル,15.5
パフュートン♀,じゃれつく,58.7
パフュートン♀,あくび,41.0
パフュートン♀,のしかかり,38.0
パフュートン♀,じならし,34.7
パフュートン♀,がむしゃら,23.7
パフュートン♀,テラバースト,23.4
パフュートン♀,タネばくだん,20.7
パフュートン♀,アイアンヘッド,15.7
パフュートン♀,ボディプレス,14.6
パフュートン♀,たくわえる,14.3
タマンチュラ,ねばねばネット,79.3
タマンチュラ,カウンター,63.0
タマンチュラ,であいがしら,57.6
タマンチュラ,フェイント,54.3
タマンチュラ,ともえなげ,35.9
タマンチュラ,どくびし,19.6
タマンチュラ,じごくづき,19.6
タマンチュラ,いとをはく,19.6
タマンチュラ,おきみやげ,18.5
タマンチュラ,まきびし,12.0
ワナイダー,ねばねばネット,92.1
ワナイダー,ともえなげ,79.8
ワナイダー,スレッドトラップ,37.8
ワナイダー,おきみやげ,29.2
ワナイダー,まきびし,26.0
ワナイダー,どくびし,21.9
ワナイダー,カウンター,14.6
ワナイダー,なげつける,14.1
ワナイダー,ふいうち,10.5
ワナイダー,とんぼがえり,9.6
マメバッタ,いやなおと,88.9
マメバッタ,ふいうち,55.6
マメバッタ,はいよるいちげき,55.6
マメバッタ,カウンター,55.6
マメバッタ,おどろかす,33.3
マメバッタ,ダメおし,33.3
マメバッタ,にどげり,33.3
マメバッタ,たいあたり,11.1
マメバッタ,にらみつける,11.1
エクスレッグ,ふいうち,93.5
エクスレッグ,であいがしら,88.8
エクスレッグ,とんぼがえり,70.6
エクスレッグ,じごくづき,44.5
エクスレッグ,ちょうはつ,27.7
エクスレッグ,きゅうけつ,19.9
エクスレッグ,かかとおとし,17.3
エクスレッグ,つるぎのまい,12.9
エクスレッグ,とびかかる,7.3
エクスレッグ,かわらわり,4.0
パモ,まもる,42.9
パモ,ほっぺすりすり,38.1
パモ,かいでんぱ,33.3
パモ,あまえる,33.3
パモ,ねがいごと,33.3
パモ,ねこだまし,9.5
パモ,なきごえ,9.5
パモ,たたきつける,9.5
パモ,ひっかく,9.5
パモ,なかまづくり,4.8
パモット,ほっぺすりすり,86.7
パモット,アンコール,60.0
パモット,ワイルドボルト,53.3
パモット,マッハパンチ,46.7
パモット,スパーク,26.7
パモット,かみつく,26.7
パモット,あなをほる,20.0
パモット,あまえる,13.3
パモット,ボルトチェンジ,13.3
パモット,でんこうせっか,13.3
パーモット,でんこうそうげき,87.0
パーモット,インファイト,78.5
パーモット,マッハパンチ,56.3
パーモット,さいきのいのり,52.4
パーモット,れいとうパンチ,52.2
パーモット,ほっぺすりすり,34.0
パーモット,ねこだまし,11.0
パーモット,アンコール,5.3
パーモット,かみなりパンチ,5.0
パーモット,ほのおのパンチ,4.1
ワッカネズミ,いかりのまえば,88.9
ワッカネズミ,はたく,83.3
ワッカネズミ,ダブルアタック,83.3
ワッカネズミ,つぶらなひとみ,83.3
ワッカネズミ,てだすけ,16.7
ワッカネズミ,ネズミざん,11.1
ワッカネズミ,じゃれつく,11.1
ワッカネズミ,タネマシンガン,11.1
ワッカネズミ,でんじは,5.6
ワッカネズミ,フェイント,5.6
イッカネズミ,ネズミざん,93.8
イッカネズミ,おかたづけ,85.9
イッカネズミ,アンコール,48.1
イッカネズミ,タネマシンガン,37.3
イッカネズミ,かみつく,37.2
イッカネズミ,バトンタッチ,15.2
イッカネズミ,じゃれつく,14.3
イッカネズミ,とんぼがえり,7.4
イッカネズミ,でんじは,7.4
イッカネズミ,シャドークロー,6.0
パピモッチ,まもる,83.3
パピモッチ,あくび,83.3
パピモッチ,ほえる,83.3
パピモッチ,ねがいごと,83.3
パピモッチ,くさわけ,16.7
パピモッチ,じゃれつく,16.7
パピモッチ,こおりのキバ,16.7
パピモッチ,あなをほる,16.7
バウッツェル,じゃれつく,59.2
バウッツェル,ボディプレス,58.2
バウッツェル,あくび,51.8
バウッツェル,ねがいごと,39.0
バウッツェル,バトンタッチ,28.4
バウッツェル,まもる,26.4
バウッツェル,ほえる,26.0
バウッツェル,あまえる,19.1
バウッツェル,かみくだく,11.7
バウッツェル,じだんだ,10.4
ミニーブ,すいとる,100.0
ミニーブ,たいあたり,100.0
ミニーブ,せいちょう,100.0
ミニーブ,あまいかおり,100.0
オリーニョ,やどりぎのタネ,100.0
オリーニョ,ちからをすいとる,84.6
オリーニョ,みがわり,65.4
オリーニョ,テラバースト,46.2
オリーニョ,ねむる,34.6
オリーニョ,ギガドレイン,26.9
オリーニョ,まもる,26.9
オリーニョ,エナジーボール,7.7
オリーニョ,あまえる,3.8
オリーニョ,こうごうせい,3.8
オリーヴァ,ちからをすいとる,73.0
オリーヴァ,やどりぎのタネ,60.2
オリーヴァ,だいちのちから,42.8
オリーヴァ,マジカルシャイン,40.2
オリーヴァ,テラバースト,36.8
オリーヴァ,ギガドレイン,36.6
オリーヴァ,エナジーボール,25.3
オリーヴァ,ミラーコート,21.7
オリーヴァ,みがわり,15.4
オリーヴァ,まもる,8.6
イキリンコ,ブレイブバード,82.1
イキリンコ,すてゼリフ,60.4
イキリンコ,とんぼがえり,53.2
イキリンコ,ちょうはつ,45.0
イキリンコ,いのちがけ,36.5
イキリンコ,おいかぜ,20.8
イキリンコ,イカサマ,19.6
イキリンコ,からげんき,14.8
イキリンコ,きしかいせい,11.8
イキリンコ,つばめがえし,8.7
イキリンコ,すてゼリフ,73.7
イキリンコ,ブレイブバード,69.7
イキリンコ,とんぼがえり,47.0
イキリンコ,すてみタックル,34.5
イキリンコ,つばめがえし,28.3
イキリンコ,いのちがけ,27.6
イキリンコ,でんこうせっか,20.4
イキリンコ,ちょうはつ,19.7
イキリンコ,からげんき,12.8
イキリンコ,ねむる,11.8
イキリンコ,とんぼがえり,61.8
イキリンコ,ブレイブバード,60.5
イキリンコ,すてゼリフ,48.4
イキリンコ,おいかぜ,37.6
イキリンコ,いのちがけ,36.9
イキリンコ,ちょうはつ,36.3
イキリンコ,でんこうせっか,20.4
イキリンコ,すてみタックル,19.1
イキリンコ,きしかいせい,16.6
イキリンコ,ハイパーボイス,13.4
イキリンコ,すてゼリフ,89.3
イキリンコ,ブレイブバード,66.1
イキリンコ,いのちがけ,59.3
イキリンコ,とんぼがえり,56.5
イキリンコ,ちょうはつ,33.9
イキリンコ,イカサマ,24.9
イキリンコ,おいかぜ,19.2
イキリンコ,ものまね,13.0
イキリンコ,テラバースト,13.0
イキリンコ,ギガインパクト,8.5
コジオ,じわれ,54.5
コジオ,のろい,45.5
コジオ,マッドショット,45.5
コジオ,うちおとす,45.5
コジオ,あなをほる,45.5
コジオ,てっぺき,27.3
コジオ,ねむる,27.3
コジオ,ステルスロック,27.3
コジオ,ねごと,27.3
コジオ,すなあらし,18.2
ジオヅム,しおづけ,100.0
ジオヅム,じこさいせい,98.8
ジオヅム,てっぺき,69.6
ジオヅム,ボディプレス,62.0
ジオヅム,じわれ,29.9
ジオヅム,まもる,20.9
ジオヅム,ステルスロック,12.2
ジオヅム,のろい,2.9
ジオヅム,じならし,2.3
ジオヅム,ロックカット,1.2
キョジオーン,しおづけ,98.3
キョジオーン,じこさいせい,97.0
キョジオーン,てっぺき,49.3
キョジオーン,まもる,46.9
キョジオーン,ボディプレス,28.2
キョジオーン,ステルスロック,18.5
キョジオーン,みがわり,12.2
キョジオーン,じしん,11.9
キョジオーン,じわれ,11.6
キョジオーン,のろい,11.5
カルボウ,ひのこ,100.0
カルボウ,ほのおのうず,100.0
カルボウ,おどろかす,100.0
カルボウ,クリアスモッグ,100.0
グレンアルマ,アーマーキャノン,93.2
グレンアルマ,ワイドフォース,54.6
グレンアルマ,みちづれ,50.4
グレンアルマ,サイコフィールド,49.4
グレンアルマ,エナジーボール,26.8
グレンアルマ,サイコキネシス,20.6
グレンアルマ,サイコショック,20.3
グレンアルマ,はどうだん,15.9
グレンアルマ,テラバースト,12.1
グレンアルマ,めいそう,4.7
ソウブレイズ,むねんのつるぎ,98.7
ソウブレイズ,かげうち,90.7
ソウブレイズ,つるぎのまい,50.5
ソウブレイズ,インファイト,42.0
ソウブレイズ,テラバースト,23.4
ソウブレイズ,ビルドアップ,19.0
ソウブレイズ,シャドークロー,18.2
ソウブレイズ,みちづれ,16.6
ソウブレイズ,おにび,6.3
ソウブレイズ,みがわり,5.5
ハラバリー,パラボラチャージ,95.1
ハラバリー,アシッドボム,79.2
ハラバリー,ボルトチェンジ,72.7
ハラバリー,ふいうち,42.1
ハラバリー,テラバースト,36.2
ハラバリー,ひやみず,13.4
ハラバリー,みずびたし,10.9
ハラバリー,だくりゅう,8.7
ハラバリー,マッドショット,8.4
ハラバリー,１０まんボルト,6.9
カイデン,がむしゃら,97.8
カイデン,でんこうせっか,97.8
カイデン,ほうでん,97.8
カイデン,おいかぜ,97.8
カイデン,つつく,2.2
カイデン,なきごえ,2.2
タイカイデン,ボルトチェンジ,69.9
タイカイデン,エアスラッシュ,55.2
タイカイデン,１０まんボルト,54.9
タイカイデン,テラバースト,43.7
タイカイデン,おいかぜ,36.4
タイカイデン,ぼうふう,33.1
タイカイデン,がむしゃら,25.9
タイカイデン,ほうでん,15.0
タイカイデン,かみなり,14.2
タイカイデン,でんじは,10.8
オラチフ,みちづれ,100.0
オラチフ,くらいつく,100.0
オラチフ,こわいかお,100.0
オラチフ,ちょうはつ,100.0
マフィティフ,くらいつく,62.7
マフィティフ,みちづれ,53.8
マフィティフ,ちょうはつ,48.3
マフィティフ,じゃれつく,44.2
マフィティフ,かみくだく,31.2
マフィティフ,くさわけ,22.7
マフィティフ,きしかいせい,20.8
マフィティフ,サイコファング,14.8
マフィティフ,ほえる,12.3
マフィティフ,あまえる,11.9
シルシュルー,どくどく,100.0
シルシュルー,みがわり,100.0
シルシュルー,あなをほる,90.0
シルシュルー,まねっこ,90.0
シルシュルー,はたきおとす,10.0
シルシュルー,アンコール,10.0
タギングル,アンコール,62.8
タギングル,はたきおとす,46.0
タギングル,みがわり,44.7
タギングル,どくどく,44.1
タギングル,まねっこ,27.6
タギングル,すてゼリフ,22.7
タギングル,すりかえ,19.3
タギングル,あなをほる,17.1
タギングル,ちょうはつ,14.4
タギングル,ダストシュート,14.3
アノクサ,メガドレイン,100.0
アノクサ,たたりめ,100.0
アノクサ,タネマシンガン,100.0
アノクサ,まとわりつく,100.0
アノホラグサ,かげうち,51.3
アノホラグサ,ゴーストダイブ,47.9
アノホラグサ,ちからをすいとる,42.4
アノホラグサ,パワーウィップ,36.6
アノホラグサ,テラバースト,34.8
アノホラグサ,みがわり,29.3
アノホラグサ,のろい,28.7
アノホラグサ,まとわりつく,24.5
アノホラグサ,やどりぎのタネ,23.9
アノホラグサ,タネマシンガン,14.4
ノノクラゲ,やどりぎのタネ,90.5
ノノクラゲ,キノコのほうし,61.9
ノノクラゲ,たたりめ,42.9
ノノクラゲ,まきつく,42.9
ノノクラゲ,はたきおとす,38.1
ノノクラゲ,ミラーコート,28.6
ノノクラゲ,どくどく,28.6
ノノクラゲ,ひかりのかべ,19.0
ノノクラゲ,ギガドレイン,9.5
ノノクラゲ,マッドショット,4.8
リククラゲ,キノコのほうし,92.4
リククラゲ,だいちのちから,85.4
リククラゲ,ギガドレイン,49.8
リククラゲ,やどりぎのタネ,40.0
リククラゲ,みがわり,23.6
リククラゲ,たたりめ,13.1
リククラゲ,ヘドロばくだん,12.8
リククラゲ,リーフストーム,12.4
リククラゲ,マジカルシャイン,11.8
リククラゲ,テラバースト,11.1
ガケガニ,はたきおとす,61.5
ガケガニ,ステルスロック,51.0
ガケガニ,きしかいせい,50.2
ガケガニ,がんせきふうじ,46.8
ガケガニ,ロックブラスト,35.9
ガケガニ,こらえる,35.7
ガケガニ,がむしゃら,29.0
ガケガニ,１０まんばりき,19.9
ガケガニ,ハサミギロチン,15.5
ガケガニ,つるぎのまい,9.1
カプサイジ,かみつく,100.0
カプサイジ,このは,100.0
カプサイジ,せいちょう,100.0
カプサイジ,はっぱカッター,100.0
スコヴィラン,かえんほうしゃ,70.6
スコヴィラン,ソーラービーム,53.3
スコヴィラン,オーバーヒート,41.7
スコヴィラン,みがわり,38.5
スコヴィラン,まもる,38.2
スコヴィラン,テラバースト,36.2
スコヴィラン,やどりぎのタネ,28.7
スコヴィラン,だいもんじ,18.8
スコヴィラン,ギガドレイン,16.9
スコヴィラン,せいちょう,10.0
シガロコ,ころがる,83.3
シガロコ,マッドショット,33.3
シガロコ,とっしん,33.3
シガロコ,むしくい,33.3
シガロコ,とびつく,16.7
シガロコ,ダストシュート,16.7
シガロコ,てっぺき,16.7
シガロコ,ねむる,16.7
ベラカス,さいきのいのり,79.9
ベラカス,トリックルーム,63.2
ベラカス,おきみやげ,58.6
ベラカス,むしのさざめき,45.2
ベラカス,サイコキネシス,24.8
ベラカス,スピードスワップ,19.7
ベラカス,ねごと,8.8
ベラカス,めいそう,8.8
ベラカス,だいちのちから,8.4
ベラカス,ねむる,8.3
ヒラヒナ,チャームボイス,100.0
ヒラヒナ,めいそう,66.7
ヒラヒナ,まもる,66.7
ヒラヒナ,バトンタッチ,66.7
ヒラヒナ,ついばむ,33.3
ヒラヒナ,サイケこうせん,33.3
ヒラヒナ,でんこうせっか,33.3
クエスパトラ,ルミナコリジョン,80.0
クエスパトラ,まもる,73.2
クエスパトラ,バトンタッチ,60.6
クエスパトラ,テラバースト,32.9
クエスパトラ,リフレクター,28.5
クエスパトラ,マジカルシャイン,28.2
クエスパトラ,めいそう,27.1
クエスパトラ,アシストパワー,17.8
クエスパトラ,みがわり,16.7
クエスパトラ,シャドーボール,16.3
カヌチャン,はたきおとす,66.7
カヌチャン,アンコール,66.7
カヌチャン,ステルスロック,66.7
カヌチャン,でんじは,66.7
カヌチャン,ようせいのかぜ,33.3
カヌチャン,ほしがる,25.0
カヌチャン,つぶらなひとみ,25.0
カヌチャン,メタルクロー,25.0
カヌチャン,おどろかす,8.3
ナカヌチャン,はたきおとす,91.7
ナカヌチャン,ステルスロック,77.8
ナカヌチャン,でんじは,66.7
ナカヌチャン,つぶらなひとみ,44.4
ナカヌチャン,ねこだまし,22.2
ナカヌチャン,アンコール,22.2
ナカヌチャン,かわらわり,11.1
ナカヌチャン,てっていこうせん,11.1
ナカヌチャン,じゃれつく,11.1
ナカヌチャン,イカサマ,11.1
デカヌチャン,ステルスロック,70.9
デカヌチャン,はたきおとす,70.4
デカヌチャン,デカハンマー,63.8
デカヌチャン,でんじは,62.8
デカヌチャン,アンコール,58.3
デカヌチャン,じゃれつく,25.8
デカヌチャン,ねこだまし,10.4
デカヌチャン,じならし,7.6
デカヌチャン,つるぎのまい,5.7
デカヌチャン,アイスハンマー,5.2
ウミディグダ,おきみやげ,43.8
ウミディグダ,あなをほる,37.5
ウミディグダ,イカサマ,31.3
ウミディグダ,みずでっぽう,31.3
ウミディグダ,どろかけ,31.3
ウミディグダ,まきつく,31.3
ウミディグダ,アクアジェット,25.0
ウミディグダ,すなかけ,25.0
ウミディグダ,じごくづき,18.8
ウミディグダ,みずのはどう,12.5
ウミトリオ,トリプルダイブ,94.6
ウミトリオ,アクアジェット,51.0
ウミトリオ,おきみやげ,48.0
ウミトリオ,じごくづき,42.4
ウミトリオ,ふいうち,40.8
ウミトリオ,テラバースト,22.1
ウミトリオ,アクアブレイク,17.5
ウミトリオ,イカサマ,12.4
ウミトリオ,じならし,11.2
ウミトリオ,まきつく,10.6
オトシドリ,はたきおとす,68.8
オトシドリ,ダブルウイング,50.3
オトシドリ,ステルスロック,47.4
オトシドリ,すてゼリフ,37.5
オトシドリ,がんせきふうじ,33.7
オトシドリ,おきみやげ,21.6
オトシドリ,ちょうはつ,20.2
オトシドリ,いわなだれ,19.3
オトシドリ,おいかぜ,16.4
オトシドリ,ストーンエッジ,16.3
ナミイルカ,アクアジェット,85.4
ナミイルカ,ダイビング,65.9
ナミイルカ,アクアテール,46.3
ナミイルカ,ハイドロポンプ,41.5
ナミイルカ,カウンター,24.4
ナミイルカ,ダブルアタック,24.4
ナミイルカ,アンコール,22.0
ナミイルカ,あまえる,19.5
ナミイルカ,こごえるかぜ,19.5
ナミイルカ,きあいだめ,14.6
イルカマン,ジェットパンチ,94.0
イルカマン,ウェーブタックル,72.6
イルカマン,クイックターン,72.4
イルカマン,れいとうパンチ,68.5
イルカマン,インファイト,30.3
イルカマン,ドレインパンチ,19.4
イルカマン,ビルドアップ,13.1
イルカマン,テラバースト,4.2
イルカマン,ちょうはつ,3.9
イルカマン,アンコール,3.3
ブロロン,アイアンヘッド,81.6
ブロロン,いやなおと,60.5
ブロロン,ジャイロボール,47.4
ブロロン,ずつき,36.8
ブロロン,どくづき,28.9
ブロロン,ダストシュート,26.3
ブロロン,ホイールスピン,23.7
ブロロン,どくどく,13.2
ブロロン,すてゼリフ,13.2
ブロロン,ちょうはつ,13.2
ブロロローム,アイアンヘッド,81.7
ブロロローム,ギアチェンジ,75.8
ブロロローム,ダストシュート,43.8
ブロロローム,テラバースト,40.2
ブロロローム,どくづき,26.6
ブロロローム,すてゼリフ,20.8
ブロロローム,ちょうはつ,20.4
ブロロローム,じならし,19.8
ブロロローム,どくどく,17.4
ブロロローム,ホイールスピン,15.4
モトトカゲ,しっぽきり,97.1
モトトカゲ,とんぼがえり,63.9
モトトカゲ,りゅうせいぐん,41.7
モトトカゲ,オーバーヒート,36.6
モトトカゲ,はたきおとす,29.1
モトトカゲ,すてみタックル,29.1
モトトカゲ,げきりん,23.8
モトトカゲ,ちょうはつ,18.6
モトトカゲ,アイアンヘッド,8.2
モトトカゲ,テラバースト,7.8
ミミズズ,ボディプレス,80.1
ミミズズ,しっぽきり,70.0
ミミズズ,ステルスロック,62.5
ミミズズ,てっぺき,48.5
ミミズズ,アイアンヘッド,36.4
ミミズズ,じしん,20.5
ミミズズ,メタルバースト,19.5
ミミズズ,ねむる,11.6
ミミズズ,じならし,9.7
ミミズズ,がんせきふうじ,9.0
キラーメ,パワージェム,65.9
キラーメ,ヘドロウェーブ,65.9
キラーメ,ステルスロック,51.2
キラーメ,テラバースト,48.8
キラーメ,マジカルシャイン,48.8
キラーメ,おきみやげ,34.1
キラーメ,どくどく,34.1
キラーメ,アシッドボム,34.1
キラーメ,こらえる,7.3
キラーメ,どくびし,4.9
キラフロル,ステルスロック,67.6
キラフロル,パワージェム,64.6
キラフロル,ヘドロウェーブ,52.0
キラフロル,だいちのちから,38.6
キラフロル,キラースピン,33.7
キラフロル,マジカルシャイン,31.9
キラフロル,マッドショット,24.2
キラフロル,エナジーボール,23.9
キラフロル,ニードルガード,16.6
キラフロル,ヘドロばくだん,6.9
ボチ,あまえる,82.4
ボチ,あくび,64.7
ボチ,おきみやげ,58.8
ボチ,ナイトヘッド,47.1
ボチ,ゴーストダイブ,35.3
ボチ,てだすけ,23.5
ボチ,すてみタックル,23.5
ボチ,こわいかお,17.6
ボチ,トリック,11.8
ボチ,みちづれ,11.8
ハカドッグ,おはかまいり,92.8
ハカドッグ,かげうち,68.5
ハカドッグ,テラバースト,43.9
ハカドッグ,じゃれつく,43.0
ハカドッグ,みがわり,31.1
ハカドッグ,ボディプレス,22.5
ハカドッグ,おにび,20.4
ハカドッグ,あくび,8.9
ハカドッグ,まもる,8.1
ハカドッグ,トリック,7.5
カラミンゴ,インファイト,97.3
カラミンゴ,ブレイブバード,94.2
カラミンゴ,とんぼがえり,74.5
カラミンゴ,じごくづき,54.3
カラミンゴ,ちょうはつ,17.7
カラミンゴ,フェイント,11.7
カラミンゴ,アクアブレイク,9.2
カラミンゴ,テラバースト,7.9
カラミンゴ,おいかぜ,4.1
カラミンゴ,からげんき,4.0
アルクジラ,ゆきなだれ,75.0
アルクジラ,あくび,50.0
アルクジラ,あまえる,50.0
アルクジラ,ねむる,50.0
アルクジラ,とびはねる,25.0
アルクジラ,ばかぢから,25.0
アルクジラ,ドわすれ,25.0
アルクジラ,のしかかり,25.0
アルクジラ,じたばた,25.0
ハルクジラ,こおりのつぶて,75.1
ハルクジラ,アクアブレイク,60.2
ハルクジラ,じしん,60.0
ハルクジラ,はらだいこ,38.8
ハルクジラ,つららおとし,35.1
ハルクジラ,アイススピナー,35.0
ハルクジラ,じゃれつく,17.6
ハルクジラ,ばかぢから,15.0
ハルクジラ,テラバースト,10.4
ハルクジラ,れいとうパンチ,9.1
ミガルーサ,みをけずる,94.3
ミガルーサ,アシストパワー,87.9
ミガルーサ,なみのり,39.2
ミガルーサ,テラバースト,35.7
ミガルーサ,みがわり,32.0
ミガルーサ,れいとうビーム,21.3
ミガルーサ,ハイドロポンプ,16.4
ミガルーサ,じこさいせい,13.8
ミガルーサ,アクアブレイク,12.0
ミガルーサ,アクアジェット,10.7
ヘイラッシャ,ウェーブタックル,60.4
ヘイラッシャ,あくび,58.8
ヘイラッシャ,ゆきなだれ,48.4
ヘイラッシャ,じわれ,46.6
ヘイラッシャ,ねむる,38.6
ヘイラッシャ,まもる,30.4
ヘイラッシャ,じしん,29.9
ヘイラッシャ,ねごと,27.1
ヘイラッシャ,アクアブレイク,21.9
ヘイラッシャ,ボディプレス,10.7
シャリタツ,りゅうせいぐん,68.6
シャリタツ,テラバースト,50.1
シャリタツ,なみのり,44.7
シャリタツ,こごえるかぜ,36.8
シャリタツ,ハイドロポンプ,35.0
シャリタツ,ミラーコート,32.6
シャリタツ,カウンター,31.0
シャリタツ,りゅうのはどう,24.3
シャリタツ,おきみやげ,23.7
シャリタツ,ちょうはつ,21.3
コノヨザル,ふんどのこぶし,94.5
コノヨザル,ドレインパンチ,72.8
コノヨザル,ビルドアップ,52.7
コノヨザル,ちょうはつ,47.6
コノヨザル,ステルスロック,28.2
コノヨザル,いのちがけ,24.2
コノヨザル,インファイト,14.9
コノヨザル,なげつける,10.7
コノヨザル,とんぼがえり,9.4
コノヨザル,アンコール,7.3
ドオー,じこさいせい,91.1
ドオー,じしん,85.5
ドオー,どくどく,61.2
ドオー,ステルスロック,49.4
ドオー,あくび,35.3
ドオー,ドわすれ,13.5
ドオー,まもる,13.2
ドオー,のろい,9.0
ドオー,どくづき,8.0
ドオー,けたぐり,5.0
リキキリン,ツインビーム,65.6
リキキリン,テラバースト,45.0
リキキリン,マジカルシャイン,34.4
リキキリン,シャドーボール,33.2
リキキリン,１０まんボルト,25.4
リキキリン,トリックルーム,21.9
リキキリン,わるだくみ,15.3
リキキリン,くさむすび,13.5
リキキリン,サイコショック,11.4
リキキリン,サイコキネシス,10.8
ノココッチ,ステルスロック,57.4
ノココッチ,へびにらみ,55.3
ノココッチ,ばくおんぱ,53.1
ノココッチ,はねやすめ,34.1
ノココッチ,だいちのちから,27.2
ノココッチ,ドラゴンテール,25.0
ノココッチ,れいとうビーム,23.4
ノココッチ,あくび,19.1
ノココッチ,かえんほうしゃ,16.4
ノココッチ,シャドーボール,12.2
ドドゲザン,ドゲザン,92.7
ドドゲザン,アイアンヘッド,91.6
ドドゲザン,ふいうち,91.2
ドドゲザン,かわらわり,29.0
ドドゲザン,つるぎのまい,22.6
ドドゲザン,けたぐり,17.8
ドドゲザン,ハサミギロチン,15.3
ドドゲザン,ステルスロック,14.0
ドドゲザン,でんじは,8.5
ドドゲザン,テラバースト,7.5
イダイナキバ,インファイト,77.3
イダイナキバ,アイススピナー,66.2
イダイナキバ,じしん,65.7
イダイナキバ,こうそくスピン,43.7
イダイナキバ,ぶちかまし,32.8
イダイナキバ,はたきおとす,29.3
イダイナキバ,アイアンヘッド,16.8
イダイナキバ,ビルドアップ,14.3
イダイナキバ,ちょうはつ,14.1
イダイナキバ,ステルスロック,10.1
サケブシッポ,ステルスロック,69.8
サケブシッポ,アンコール,46.3
サケブシッポ,でんじは,33.4
サケブシッポ,ほろびのうた,31.6
サケブシッポ,バトンタッチ,19.1
サケブシッポ,リフレクター,18.7
サケブシッポ,ひかりのかべ,17.2
サケブシッポ,がんせきふうじ,15.6
サケブシッポ,ビルドアップ,15.5
サケブシッポ,かなしばり,14.2
アラブルタケ,キノコのほうし,91.4
アラブルタケ,ふいうち,55.9
アラブルタケ,かみくだく,53.0
アラブルタケ,くさわけ,41.7
アラブルタケ,テラバースト,26.0
アラブルタケ,インファイト,25.1
アラブルタケ,みがわり,24.3
アラブルタケ,タネばくだん,20.3
アラブルタケ,しっぺがえし,16.7
アラブルタケ,タネマシンガン,16.3
ハバタクカミ,シャドーボール,95.4
ハバタクカミ,ムーンフォース,89.6
ハバタクカミ,マジカルフレイム,75.6
ハバタクカミ,サイコショック,29.9
ハバタクカミ,パワージェム,17.9
ハバタクカミ,ちょうはつ,12.0
ハバタクカミ,１０まんボルト,10.6
ハバタクカミ,エナジーボール,10.1
ハバタクカミ,おきみやげ,8.3
ハバタクカミ,でんじは,8.2
チヲハウハネ,インファイト,70.7
チヲハウハネ,であいがしら,61.1
チヲハウハネ,じしん,45.0
チヲハウハネ,とんぼがえり,31.2
チヲハウハネ,きゅうけつ,30.9
チヲハウハネ,ニトロチャージ,23.6
チヲハウハネ,フレアドライブ,22.0
チヲハウハネ,ビルドアップ,20.9
チヲハウハネ,とびかかる,13.8
チヲハウハネ,テラバースト,13.5
スナノケガワ,だいちのちから,90.8
スナノケガワ,ボルトチェンジ,63.7
スナノケガワ,１０まんボルト,42.2
スナノケガワ,ステルスロック,35.9
スナノケガワ,テラバースト,33.5
スナノケガワ,でんじは,24.1
スナノケガワ,ラスターカノン,20.2
スナノケガワ,ほうでん,18.6
スナノケガワ,でんじほう,14.6
スナノケガワ,じゅうりょく,9.6
テツノワダチ,じしん,86.2
テツノワダチ,アイアンヘッド,60.5
テツノワダチ,はたきおとす,53.9
テツノワダチ,ステルスロック,51.3
テツノワダチ,アイススピナー,42.9
テツノワダチ,こうそくスピン,26.7
テツノワダチ,エレキフィールド,17.3
テツノワダチ,ボルトチェンジ,9.6
テツノワダチ,じならし,9.3
テツノワダチ,ワイルドボルト,8.4
テツノツツミ,フリーズドライ,96.5
テツノツツミ,ハイドロポンプ,91.8
テツノツツミ,クイックターン,60.2
テツノツツミ,アンコール,49.9
テツノツツミ,れいとうビーム,33.5
テツノツツミ,ちょうはつ,18.2
テツノツツミ,テラバースト,12.0
テツノツツミ,みがわり,11.4
テツノツツミ,エレキフィールド,6.7
テツノツツミ,うずしお,5.3
テツノカイナ,ドレインパンチ,88.7
テツノカイナ,れいとうパンチ,63.5
テツノカイナ,かみなりパンチ,58.5
テツノカイナ,じしん,54.8
テツノカイナ,ワイルドボルト,30.6
テツノカイナ,ねこだまし,26.1
テツノカイナ,ボルトチェンジ,17.3
テツノカイナ,インファイト,13.2
テツノカイナ,ヘビーボンバー,10.1
テツノカイナ,じゃれつく,8.6
テツノコウベ,あくのはどう,93.5
テツノコウベ,エアスラッシュ,71.8
テツノコウベ,ちょうはつ,42.7
テツノコウベ,だいちのちから,35.1
テツノコウベ,ラスターカノン,29.2
テツノコウベ,ぼうふう,18.4
テツノコウベ,みがわり,14.8
テツノコウベ,だいもんじ,14.2
テツノコウベ,かえんほうしゃ,11.6
テツノコウベ,テラバースト,7.8
テツノドクガ,ヘドロウェーブ,89.7
テツノドクガ,ほのおのまい,85.0
テツノドクガ,エナジーボール,56.2
テツノドクガ,マジカルシャイン,48.7
テツノドクガ,オーバーヒート,29.0
テツノドクガ,ほうでん,25.4
テツノドクガ,テラバースト,11.5
テツノドクガ,ニトロチャージ,11.2
テツノドクガ,とんぼがえり,8.1
テツノドクガ,アシッドボム,7.7
テツノイバラ,じしん,60.5
テツノイバラ,ロックブラスト,58.7
テツノイバラ,りゅうのまい,58.3
テツノイバラ,ワイルドボルト,36.1
テツノイバラ,ミサイルばり,32.4
テツノイバラ,テラバースト,18.3
テツノイバラ,れいとうパンチ,16.3
テツノイバラ,ストーンエッジ,14.7
テツノイバラ,ステルスロック,14.2
テツノイバラ,かみなりパンチ,11.1
セビエ,つららばり,54.5
セビエ,フリーズドライ,54.5
セビエ,アクアテール,54.5
セビエ,ドラゴンダイブ,54.5
セビエ,とっしん,27.3
セビエ,かみつく,27.3
セビエ,ドラゴンクロー,27.3
セビエ,こおりのキバ,27.3
セビエ,ドラゴンテール,18.2
セビエ,たいあたり,18.2
セゴール,ゆきなだれ,97.7
セゴール,ドラゴンテール,57.4
セゴール,げきりん,46.5
セゴール,アイアンヘッド,42.6
セゴール,まもる,31.0
セゴール,つるぎのまい,27.9
セゴール,かわらわり,27.9
セゴール,ドラゴンクロー,23.3
セゴール,かみくだく,12.4
セゴール,テラバースト,12.4
セグレイブ,つららばり,88.8
セグレイブ,じしん,86.8
セグレイブ,こおりのつぶて,84.5
セグレイブ,きょけんとつげき,61.1
セグレイブ,りゅうのまい,40.0
セグレイブ,テラバースト,21.8
セグレイブ,つららおとし,5.5
セグレイブ,アイアンヘッド,3.6
セグレイブ,かわらわり,2.0
セグレイブ,つるぎのまい,1.4
コレクレー,おどろかす,66.7
コレクレー,たいあたり,66.7
コレクレー,あやしいひかり,25.0
コレクレー,ひかりのかべ,25.0
コレクレー,ナイトヘッド,25.0
コレクレー,リフレクター,25.0
コレクレー,テラバースト,8.3
コレクレー,パワージェム,8.3
コレクレー,わるだくみ,8.3
コレクレー,シャドーボール,8.3
サーフゴー,ゴールドラッシュ,88.5
サーフゴー,シャドーボール,85.5
サーフゴー,トリック,44.0
サーフゴー,じこさいせい,42.1
サーフゴー,わるだくみ,38.2
サーフゴー,きあいだま,26.4
サーフゴー,でんじは,16.1
サーフゴー,たたりめ,12.0
サーフゴー,テラバースト,8.9
サーフゴー,みがわり,8.3
トドロクツキ,りゅうのまい,83.7
トドロクツキ,アクロバット,59.3
トドロクツキ,じしん,43.9
トドロクツキ,じごくづき,38.1
トドロクツキ,はねやすめ,28.9
トドロクツキ,アイアンヘッド,23.9
トドロクツキ,ちょうはつ,19.0
トドロクツキ,くらいつく,18.9
トドロクツキ,スケイルショット,17.0
トドロクツキ,かみくだく,15.0
テツノブジン,インファイト,79.1
テツノブジン,みちづれ,65.5
テツノブジン,ソウルクラッシュ,44.6
テツノブジン,ムーンフォース,40.7
テツノブジン,かげうち,40.0
テツノブジン,アンコール,37.1
テツノブジン,はたきおとす,17.9
テツノブジン,はどうだん,8.6
テツノブジン,シャドーボール,6.5
テツノブジン,テラバースト,6.3
